Time,PM2_5,CO,PM10,SO2,O3,NO2
2023-01-01 00:00:00,62,0.6,64,2,10,49
2023-01-01 01:00:00,57,0.7,66,2,14,42
2023-01-01 02:00:00,62,0.6,63,2,20,38
2023-01-01 03:00:00,63,0.6,,3,18,38
2023-01-01 04:00:00,66,0.6,,5,18,37
2023-01-01 05:00:00,57,0.6,59,9,29,30
2023-01-01 06:00:00,64,0.6,,9,24,35
2023-01-01 07:00:00,45,0.6,54,8,29,33
2023-01-01 08:00:00,52,0.6,54,8,24,38
2023-01-01 09:00:00,58,0.7,65,11,19,43
2023-01-01 10:00:00,54,0.7,56,15,16,52
2023-01-01 11:00:00,45,0.7,50,14,16,51
2023-01-01 12:00:00,60,0.8,75,8,12,51
2023-01-01 13:00:00,57,0.8,63,3,9,49
2023-01-01 14:00:00,57,0.8,65,2,15,48
2023-01-01 15:00:00,52,0.7,69,2,24,42
2023-01-01 16:00:00,54,0.6,68,2,32,37
2023-01-01 17:00:00,58,0.6,69,2,29,40
2023-01-01 18:00:00,55,0.6,107,2,39,30
2023-01-01 19:00:00,42,0.6,52,2,41,29
2023-01-01 20:00:00,32,0.6,54,1,47,25
2023-01-01 21:00:00,42,0.6,51,2,50,21
2023-01-01 22:00:00,50,0.5,,2,49,21
2023-01-01 23:00:00,39,0.6,64,1,31,35
2023-01-02 00:00:00,50,0.7,58,2,6,54
2023-01-02 01:00:00,71,0.8,81,2,2,54
2023-01-02 02:00:00,84,0.8,92,2,2,50
2023-01-02 03:00:00,85,0.7,93,3,8,43
2023-01-02 04:00:00,75,0.8,88,2,8,41
2023-01-02 05:00:00,71,0.7,88,2,8,40
2023-01-02 06:00:00,77,0.8,83,2,5,41
2023-01-02 07:00:00,74,0.8,74,2,3,44
2023-01-02 08:00:00,74,0.7,80,2,2,50
2023-01-02 09:00:00,65,0.8,80,2,3,45
2023-01-02 10:00:00,72,0.8,76,3,9,43
2023-01-02 11:00:00,56,0.8,80,3,14,39
2023-01-02 12:00:00,54,0.9,63,4,21,42
2023-01-02 13:00:00,58,0.7,,3,35,38
2023-01-02 14:00:00,41,0.6,54,3,55,31
2023-01-02 15:00:00,36,0.6,44,2,65,28
2023-01-02 16:00:00,39,0.5,40,2,70,27
2023-01-02 17:00:00,39,0.6,56,2,70,31
2023-01-02 18:00:00,52,0.6,75,2,64,36
2023-01-02 19:00:00,66,0.7,91,2,42,53
2023-01-02 20:00:00,76,0.9,81,2,7,83
2023-01-02 21:00:00,72,0.9,94,2,6,82
2023-01-02 22:00:00,64,0.9,79,2,7,78
2023-01-02 23:00:00,72,0.8,76,4,5,76
2023-01-03 00:00:00,79,0.9,89,4,2,74
2023-01-03 01:00:00,89,0.8,,12,3,69
2023-01-03 02:00:00,86,0.8,98,7,3,64
2023-01-03 03:00:00,78,0.8,91,6,2,61
2023-01-03 04:00:00,81,0.8,90,8,2,57
2023-01-03 05:00:00,77,0.9,83,5,2,55
2023-01-03 06:00:00,78,0.9,91,7,2,54
2023-01-03 07:00:00,82,0.9,85,5,2,52
2023-01-03 08:00:00,83,0.9,96,6,3,50
2023-01-03 09:00:00,71,1.2,100,7,3,52
2023-01-03 10:00:00,90,1.1,93,6,3,54
2023-01-03 11:00:00,89,1.5,123,6,4,56
2023-01-03 12:00:00,104,1.6,143,6,5,67
2023-01-03 13:00:00,110,1.4,141,5,8,74
2023-01-03 14:00:00,105,1.3,138,5,10,78
2023-01-03 15:00:00,116,1.3,137,4,10,82
2023-01-03 16:00:00,117,1.1,143,4,10,77
2023-01-03 17:00:00,,,,4,9,73
2023-01-03 18:00:00,113,0.9,136,4,6,71
2023-01-03 19:00:00,130,1,137,4,3,70
2023-01-03 20:00:00,120,0.9,131,4,15,56
2023-01-03 21:00:00,122,0.9,,4,10,56
2023-01-03 22:00:00,120,0.9,129,4,3,60
2023-01-03 23:00:00,127,1,132,4,2,60
2023-01-04 00:00:00,113,1,130,4,2,57
2023-01-04 01:00:00,114,1,137,4,2,55
2023-01-04 02:00:00,119,1,141,4,2,54
2023-01-04 03:00:00,126,1,138,4,2,53
2023-01-04 04:00:00,125,1,132,4,2,50
2023-01-04 05:00:00,113,0.8,117,3,9,42
2023-01-04 06:00:00,92,0.7,108,2,24,28
2023-01-04 07:00:00,92,0.7,,2,35,23
2023-01-04 08:00:00,58,0.7,71,2,41,25
2023-01-04 09:00:00,58,0.7,62,2,38,31
2023-01-04 10:00:00,61,0.7,,2,37,34
2023-01-04 11:00:00,52,0.8,80,2,39,34
2023-01-04 12:00:00,55,0.8,82,3,38,38
2023-01-04 13:00:00,58,0.8,77,4,38,42
2023-01-04 14:00:00,65,0.7,82,3,42,42
2023-01-04 15:00:00,71,0.7,83,3,50,37
2023-01-04 16:00:00,74,0.7,,3,47,40
2023-01-04 17:00:00,65,0.7,88,3,45,42
2023-01-04 18:00:00,87,0.7,100,3,37,48
2023-01-04 19:00:00,86,0.7,88,3,36,49
2023-01-04 20:00:00,79,0.7,104,3,27,56
2023-01-04 21:00:00,79,0.8,96,2,19,60
2023-01-04 22:00:00,87,0.8,106,2,18,59
2023-01-04 23:00:00,87,0.9,108,2,7,68
2023-01-05 00:00:00,87,0.9,104,2,3,72
2023-01-05 01:00:00,76,0.9,93,2,5,67
2023-01-05 02:00:00,87,0.8,110,2,4,64
2023-01-05 03:00:00,86,0.9,104,2,2,63
2023-01-05 04:00:00,89,1,99,2,2,61
2023-01-05 05:00:00,103,1,113,2,2,56
2023-01-05 06:00:00,106,1,114,2,2,50
2023-01-05 07:00:00,103,1.1,129,2,2,48
2023-01-05 08:00:00,107,1.3,116,2,2,44
2023-01-05 09:00:00,103,2,124,2,3,46
2023-01-05 10:00:00,102,1.8,141,2,4,53
2023-01-05 11:00:00,106,1.4,112,3,14,61
2023-01-05 12:00:00,78,1.1,103,3,33,56
2023-01-05 13:00:00,79,0.9,86,3,47,52
2023-01-05 14:00:00,66,0.9,84,3,55,50
2023-01-05 15:00:00,79,0.8,,3,73,38
2023-01-05 16:00:00,64,0.7,65,3,89,28
2023-01-05 17:00:00,62,0.7,71,2,88,30
2023-01-05 18:00:00,72,0.7,81,2,83,36
2023-01-05 19:00:00,77,1.1,98,2,38,73
2023-01-05 20:00:00,77,1,96,2,38,72
2023-01-05 21:00:00,77,1,98,2,33,71
2023-01-05 22:00:00,84,0.9,91,2,30,65
2023-01-05 23:00:00,75,0.9,81,2,18,68
2023-01-06 00:00:00,66,1,74,2,11,66
2023-01-06 01:00:00,81,1.1,,2,11,61
2023-01-06 02:00:00,74,1.1,83,2,4,68
2023-01-06 03:00:00,77,1.2,94,2,2,72
2023-01-06 04:00:00,79,1.1,97,2,2,74
2023-01-06 05:00:00,86,1,101,3,2,72
2023-01-06 06:00:00,109,1,116,4,2,70
2023-01-06 07:00:00,93,0.9,110,8,6,66
2023-01-06 08:00:00,106,0.9,123,25,6,61
2023-01-06 09:00:00,100,1.2,125,15,4,62
2023-01-06 10:00:00,88,1.3,101,12,8,60
2023-01-06 11:00:00,117,1.3,124,11,15,65
2023-01-06 12:00:00,91,1.3,107,8,33,60
2023-01-06 13:00:00,99,1.1,113,6,50,54
2023-01-06 14:00:00,59,0.9,76,4,76,38
2023-01-06 15:00:00,56,0.8,66,4,99,21
2023-01-06 16:00:00,56,0.8,75,3,106,21
2023-01-06 17:00:00,70,0.8,76,3,111,25
2023-01-06 18:00:00,79,0.9,100,3,103,36
2023-01-06 19:00:00,96,0.9,110,3,80,47
2023-01-06 20:00:00,84,1,116,4,62,57
2023-01-06 21:00:00,104,1,,4,66,53
2023-01-06 22:00:00,81,1,100,3,61,54
2023-01-06 23:00:00,85,0.9,88,3,58,52
2023-01-07 00:00:00,91,0.9,91,2,42,62
2023-01-07 01:00:00,78,0.9,97,2,55,47
2023-01-07 02:00:00,79,0.9,84,2,37,55
2023-01-07 03:00:00,96,1.5,115,3,4,83
2023-01-07 04:00:00,106,1.5,119,3,2,78
2023-01-07 05:00:00,96,1.4,117,3,2,74
2023-01-07 06:00:00,115,1.3,117,3,2,70
2023-01-07 07:00:00,97,1.4,115,3,2,66
2023-01-07 08:00:00,101,1.4,109,3,2,66
2023-01-07 09:00:00,104,1.5,126,3,3,68
2023-01-07 10:00:00,114,1.7,115,4,3,70
2023-01-07 11:00:00,102,1.6,117,4,6,77
2023-01-07 12:00:00,94,1.4,119,4,12,81
2023-01-07 13:00:00,93,1.2,116,4,23,76
2023-01-07 14:00:00,107,1.2,115,4,26,80
2023-01-07 15:00:00,116,1.4,142,3,23,88
2023-01-07 16:00:00,105,1.2,122,3,43,72
2023-01-07 17:00:00,106,1.2,129,3,44,71
2023-01-07 18:00:00,100,0.9,101,3,68,45
2023-01-07 19:00:00,104,1,129,3,46,60
2023-01-07 20:00:00,98,0.9,114,4,50,50
2023-01-07 21:00:00,100,1.1,120,3,31,65
2023-01-07 22:00:00,110,1,125,3,18,72
2023-01-07 23:00:00,107,1.1,126,4,3,86
2023-01-08 00:00:00,117,1.1,126,6,5,80
2023-01-08 01:00:00,103,1,124,6,3,78
2023-01-08 02:00:00,103,1,111,8,10,72
2023-01-08 03:00:00,97,1,110,7,12,67
2023-01-08 04:00:00,111,1,114,5,7,70
2023-01-08 05:00:00,102,1,118,5,8,69
2023-01-08 06:00:00,102,1.1,110,2,3,71
2023-01-08 07:00:00,114,1.2,115,3,2,73
2023-01-08 08:00:00,120,1.1,125,3,2,69
2023-01-08 09:00:00,138,1,141,4,8,59
2023-01-08 10:00:00,124,1.2,136,5,9,61
2023-01-08 11:00:00,131,1.1,139,6,20,58
2023-01-08 12:00:00,115,1,125,6,35,48
2023-01-08 13:00:00,116,1,136,6,42,48
2023-01-08 14:00:00,96,0.9,114,7,62,33
2023-01-08 15:00:00,108,0.9,119,9,67,32
2023-01-08 16:00:00,95,0.9,118,8,74,29
2023-01-08 17:00:00,103,0.9,118,6,69,34
2023-01-08 18:00:00,109,0.9,119,6,62,38
2023-01-08 19:00:00,119,1,141,5,42,50
2023-01-08 20:00:00,121,1.1,138,6,26,62
2023-01-08 21:00:00,119,1.1,143,6,21,64
2023-01-08 22:00:00,131,1.2,143,6,12,71
2023-01-08 23:00:00,119,1.3,131,6,3,80
2023-01-09 00:00:00,123,1.3,130,6,2,81
2023-01-09 01:00:00,115,1.3,128,6,2,82
2023-01-09 02:00:00,116,1.1,118,5,5,74
2023-01-09 03:00:00,113,1.2,129,4,2,68
2023-01-09 04:00:00,121,1.2,129,5,2,67
2023-01-09 05:00:00,127,1.2,,6,2,65
2023-01-09 06:00:00,126,1.2,131,6,2,63
2023-01-09 07:00:00,120,1.4,136,5,2,57
2023-01-09 08:00:00,127,1.7,141,5,2,60
2023-01-09 09:00:00,149,1.7,182,5,3,62
2023-01-09 10:00:00,170,1.9,192,5,3,63
2023-01-09 11:00:00,168,1.8,195,6,5,69
2023-01-09 12:00:00,150,1.6,173,6,9,74
2023-01-09 13:00:00,154,1.5,170,6,17,74
2023-01-09 14:00:00,142,1.4,161,6,33,72
2023-01-09 15:00:00,123,1.1,134,4,51,55
2023-01-09 16:00:00,112,1.1,128,3,42,62
2023-01-09 17:00:00,117,1,118,3,45,61
2023-01-09 18:00:00,112,1,126,3,44,62
2023-01-09 19:00:00,105,1,134,3,36,60
2023-01-09 20:00:00,114,0.9,118,2,45,46
2023-01-09 21:00:00,104,0.9,112,2,53,38
2023-01-09 22:00:00,107,0.9,124,2,45,44
2023-01-09 23:00:00,107,0.9,121,2,45,44
2023-01-10 00:00:00,98,0.9,111,2,47,40
2023-01-10 01:00:00,108,0.9,113,2,35,48
2023-01-10 02:00:00,95,0.9,121,2,39,43
2023-01-10 03:00:00,108,1,114,2,21,54
2023-01-10 04:00:00,108,1,122,2,7,66
2023-01-10 05:00:00,109,1.2,114,2,4,66
2023-01-10 07:00:00,111,1.1,125,3,3,69
2023-01-10 09:00:00,115,1.2,123,3,2,67
2023-01-10 10:00:00,115,1.3,135,4,6,68
2023-01-10 11:00:00,117,1.2,144,5,15,60
2023-01-10 12:00:00,106,1.2,143,4,25,57
2023-01-10 13:00:00,122,1.2,138,4,22,66
2023-01-10 14:00:00,112,1.1,127,3,28,63
2023-01-10 15:00:00,116,1.1,137,4,29,
2023-01-10 16:00:00,117,1.1,141,5,28,64
2023-01-10 18:00:00,128,0.9,149,4,16,76
2023-01-10 19:00:00,127,0.9,151,4,12,80
2023-01-10 20:00:00,130,0.9,149,4,10,82
2023-01-10 21:00:00,129,1,149,4,6,82
2023-01-10 22:00:00,139,0.8,147,3,26,59
2023-01-10 23:00:00,131,0.9,144,3,19,66
2023-01-11 00:00:00,158,0.8,160,3,22,60
2023-01-11 01:00:00,176,0.9,182,3,7,70
2023-01-11 02:00:00,179,1.1,197,4,2,72
2023-01-11 03:00:00,182,1,191,3,2,60
2023-01-11 04:00:00,178,1.2,189,4,2,62
2023-01-11 05:00:00,176,1,191,4,2,63
2023-01-11 06:00:00,189,1,202,4,2,58
2023-01-11 07:00:00,177,1,203,4,2,57
2023-01-11 08:00:00,186,1,206,4,2,52
2023-01-11 09:00:00,184,1,194,4,2,50
2023-01-11 10:00:00,188,1,194,4,5,46
2023-01-11 11:00:00,182,0.9,204,4,8,46
2023-01-11 12:00:00,172,1,200,4,9,50
2023-01-11 13:00:00,169,1.1,191,4,14,53
2023-01-11 14:00:00,176,1.1,201,4,18,56
2023-01-11 15:00:00,172,1.1,194,4,17,59
2023-01-11 16:00:00,168,1,195,4,21,58
2023-01-11 17:00:00,163,0.9,183,3,29,54
2023-01-11 18:00:00,160,0.9,186,3,23,59
2023-01-11 19:00:00,159,0.9,183,3,21,61
2023-01-11 20:00:00,169,1,189,3,16,64
2023-01-11 21:00:00,165,1,193,3,8,72
2023-01-11 22:00:00,170,1,195,3,2,78
2023-01-11 23:00:00,176,1.1,203,4,2,82
2023-01-12 00:00:00,190,1.2,210,3,2,79
2023-01-12 01:00:00,193,1.2,225,3,2,77
2023-01-12 02:00:00,205,1.1,235,3,4,70
2023-01-12 03:00:00,204,1.1,227,3,3,69
2023-01-12 04:00:00,210,1,238,3,4,62
2023-01-12 05:00:00,225,1.1,250,4,5,52
2023-01-12 07:00:00,203,1.1,233,3,3,49
2023-01-12 08:00:00,188,1.1,195,4,4,49
2023-01-12 09:00:00,187,1.2,216,4,3,52
2023-01-12 10:00:00,183,1.2,210,4,7,49
2023-01-12 11:00:00,180,1.1,199,5,19,49
2023-01-12 12:00:00,160,1.1,174,5,38,47
2023-01-12 13:00:00,122,0.9,134,4,60,39
2023-01-12 14:00:00,95,0.7,,4,85,27
2023-01-12 15:00:00,69,0.6,75,3,93,20
2023-01-12 16:00:00,70,0.7,80,4,92,25
2023-01-12 17:00:00,70,0.6,70,3,100,22
2023-01-12 18:00:00,67,0.7,78,2,88,31
2023-01-12 19:00:00,82,0.8,111,2,55,53
2023-01-12 20:00:00,85,0.9,121,3,52,52
2023-01-12 21:00:00,95,0.9,119,3,44,59
2023-01-12 22:00:00,94,1.1,112,3,20,79
2023-01-12 23:00:00,99,1.3,123,3,8,88
2023-01-13 00:00:00,111,1.4,113,3,2,94
2023-01-13 01:00:00,100,1.3,112,3,2,92
2023-01-13 02:00:00,107,1.2,125,3,5,89
2023-01-13 03:00:00,127,0.9,136,1,48,46
2023-01-13 04:00:00,138,0.8,146,1,60,32
2023-01-13 05:00:00,134,1,149,3,37,46
2023-01-13 06:00:00,150,0.8,163,2,47,39
2023-01-13 07:00:00,168,0.9,172,2,38,42
2023-01-13 08:00:00,178,0.9,185,2,33,43
2023-01-13 09:00:00,175,1.1,197,1,19,52
2023-01-13 10:00:00,188,1.1,205,1,17,54
2023-01-13 11:00:00,182,1.1,198,1,25,49
2023-01-13 12:00:00,174,1.2,214,2,23,59
2023-01-13 13:00:00,199,1.1,209,4,32,52
2023-01-13 14:00:00,171,1,200,4,47,44
2023-01-13 15:00:00,163,1,197,4,46,50
2023-01-13 16:00:00,165,1.1,185,4,43,57
2023-01-13 17:00:00,89,0.7,122,3,59,30
2023-01-13 18:00:00,41,0.5,101,2,68,18
2023-01-13 19:00:00,44,0.5,93,2,63,21
2023-01-13 20:00:00,48,0.5,85,2,58,22
2023-01-13 21:00:00,47,0.5,111,2,54,22
2023-01-13 22:00:00,67,0.4,147,2,58,19
2023-01-13 23:00:00,56,0.4,175,2,60,17
2023-01-14 00:00:00,63,0.4,192,1,64,15
2023-01-14 01:00:00,57,0.4,206,1,65,14
2023-01-14 02:00:00,72,0.4,245,3,64,14
2023-01-14 03:00:00,72,0.4,251,3,65,12
2023-01-14 04:00:00,72,0.3,267,3,65,12
2023-01-14 05:00:00,76,0.3,270,3,67,11
2023-01-14 06:00:00,77,0.3,248,2,63,14
2023-01-14 07:00:00,75,0.3,246,2,64,14
2023-01-14 08:00:00,72,0.3,234,1,61,15
2023-01-14 09:00:00,62,0.3,221,2,57,19
2023-01-14 10:00:00,56,0.4,200,2,55,22
2023-01-14 11:00:00,46,0.4,186,2,55,22
2023-01-14 12:00:00,49,0.4,172,2,62,17
2023-01-14 13:00:00,50,0.4,170,2,60,19
2023-01-14 14:00:00,42,0.3,154,2,57,21
2023-01-14 15:00:00,59,0.4,164,2,57,22
2023-01-14 16:00:00,39,0.4,148,2,54,24
2023-01-14 17:00:00,42,0.4,149,2,48,27
2023-01-14 18:00:00,46,0.4,144,2,52,24
2023-01-14 19:00:00,47,0.4,137,2,59,19
2023-01-14 20:00:00,48,0.4,118,2,61,16
2023-01-14 21:00:00,34,0.4,117,2,62,15
2023-01-14 22:00:00,42,0.4,112,2,61,16
2023-01-14 23:00:00,41,0.4,110,2,65,13
2023-01-15 00:00:00,26,0.4,97,2,65,12
2023-01-15 01:00:00,27,0.4,95,3,65,12
2023-01-15 02:00:00,31,0.4,87,3,67,10
2023-01-15 03:00:00,42,0.4,113,3,59,12
2023-01-15 04:00:00,44,0.5,102,3,50,13
2023-01-15 05:00:00,27,0.4,87,1,54,12
2023-01-15 06:00:00,33,0.4,96,3,52,12
2023-01-15 07:00:00,37,0.5,92,1,50,13
2023-01-15 08:00:00,34,0.5,90,2,47,16
2023-01-15 09:00:00,31,0.5,93,2,50,16
2023-01-15 10:00:00,32,0.5,108,2,46,20
2023-01-15 11:00:00,25,0.5,81,2,48,22
2023-01-15 12:00:00,35,0.5,104,2,39,29
2023-01-15 13:00:00,27,0.5,105,2,45,26
2023-01-15 14:00:00,28,0.5,105,1,46,29
2023-01-15 15:00:00,34,0.5,98,2,48,28
2023-01-15 16:00:00,42,0.5,99,1,46,31
2023-01-15 17:00:00,44,0.5,112,1,45,32
2023-01-16 03:00:00,52,0.6,93,5,35,27
2023-01-16 04:00:00,44,0.6,91,4,30,30
2023-01-16 05:00:00,41,0.6,90,3,31,28
2023-01-16 06:00:00,48,0.6,86,6,35,25
2023-01-16 07:00:00,56,0.6,88,8,42,20
2023-01-16 08:00:00,56,0.7,89,8,32,30
2023-01-16 09:00:00,47,0.6,100,7,25,35
2023-01-16 10:00:00,52,0.7,88,5,26,33
2023-01-16 11:00:00,45,0.7,97,4,26,35
2023-01-17 03:00:00,63,0.6,109,2,22,33
2023-01-17 04:00:00,66,0.5,108,2,22,33
2023-01-17 05:00:00,72,0.5,108,2,22,31
2023-01-17 06:00:00,69,0.6,104,1,20,30
2023-01-17 07:00:00,74,0.6,111,1,7,35
2023-01-17 08:00:00,66,0.6,103,1,4,39
2023-01-17 09:00:00,65,0.7,101,2,4,40
2023-01-17 10:00:00,70,0.8,97,2,8,39
2023-01-17 11:00:00,59,0.8,108,2,13,42
2023-01-17 12:00:00,48,0.7,84,3,25,42
2023-01-17 15:00:00,32,0.3,81,2,69,20
2023-01-17 16:00:00,54,0.4,87,1,64,23
2023-01-17 17:00:00,37,0.4,83,1,74,20
2023-01-17 18:00:00,39,0.4,88,1,72,23
2023-01-17 19:00:00,36,0.4,89,2,68,28
2023-01-17 20:00:00,44,0.4,94,3,61,31
2023-01-17 21:00:00,43,0.4,91,4,51,37
2023-01-17 22:00:00,55,0.5,97,4,46,39
2023-01-17 23:00:00,48,0.5,91,3,52,31
2023-01-18 00:00:00,51,0.4,91,2,54,28
2023-01-18 01:00:00,45,0.5,90,2,38,37
2023-01-18 02:00:00,45,0.5,91,3,48,29
2023-01-18 03:00:00,54,0.4,99,4,56,21
2023-01-18 04:00:00,44,0.4,91,5,58,20
2023-01-18 05:00:00,48,0.4,92,5,55,21
2023-01-18 06:00:00,54,0.4,101,2,54,21
2023-01-18 07:00:00,48,0.5,110,2,51,23
2023-01-18 08:00:00,57,0.5,96,3,41,32
2023-01-18 09:00:00,50,0.6,99,3,39,34
2023-01-18 10:00:00,42,0.6,98,3,42,34
2023-01-18 11:00:00,52,0.5,92,3,59,24
2023-01-18 12:00:00,34,0.5,89,3,64,24
2023-01-18 13:00:00,36,0.5,86,3,67,26
2023-01-18 14:00:00,33,0.4,76,3,80,22
2023-01-18 15:00:00,40,0.3,75,3,92,18
2023-01-18 16:00:00,33,0.3,95,4,98,19
2023-01-18 17:00:00,44,0.3,98,3,98,20
2023-01-18 18:00:00,36,0.3,90,2,96,20
2023-01-18 19:00:00,42,0.3,73,1,83,22
2023-01-18 20:00:00,44,0.4,62,1,76,21
2023-01-18 21:00:00,51,0.4,66,1,81,17
2023-01-18 22:00:00,57,0.5,,2,73,22
2023-01-18 23:00:00,53,0.5,56,1,70,23
2023-01-19 00:00:00,53,0.6,64,1,58,28
2023-01-19 01:00:00,56,0.6,73,1,46,33
2023-01-19 02:00:00,51,0.6,73,1,41,32
2023-01-19 03:00:00,61,0.6,79,2,33,38
2023-01-19 04:00:00,61,0.6,82,1,42,26
2023-01-19 05:00:00,65,0.6,72,1,41,26
2023-01-19 06:00:00,60,0.6,92,2,42,25
2023-01-19 07:00:00,66,0.7,78,1,24,37
2023-01-19 08:00:00,68,0.8,90,1,6,49
2023-01-19 09:00:00,65,0.9,87,1,6,50
2023-01-19 10:00:00,47,0.9,63,3,18,46
2023-01-19 11:00:00,46,0.8,67,5,41,34
2023-01-19 12:00:00,42,0.7,74,4,51,33
2023-01-19 13:00:00,46,0.6,75,4,65,30
2023-01-19 14:00:00,29,0.5,62,3,94,18
2023-01-19 15:00:00,44,0.4,84,2,104,16
2023-01-19 16:00:00,53,0.4,86,2,108,18
2023-01-19 17:00:00,65,0.4,84,2,111,17
2023-01-19 18:00:00,58,0.4,87,1,105,21
2023-01-19 19:00:00,71,0.5,96,1,90,28
2023-01-19 20:00:00,66,0.5,86,1,94,25
2023-01-19 21:00:00,61,0.5,94,1,85,30
2023-01-19 22:00:00,60,0.5,75,3,75,27
2023-01-19 23:00:00,38,0.6,55,3,66,28
2023-01-20 00:00:00,38,0.6,65,3,63,27
2023-01-20 01:00:00,52,0.6,52,1,46,34
2023-01-20 02:00:00,41,0.6,52,1,40,36
2023-01-20 03:00:00,43,0.6,60,1,41,36
2023-01-20 04:00:00,49,0.6,52,1,39,38
2023-01-20 05:00:00,50,0.6,50,1,47,29
2023-01-20 06:00:00,47,0.6,54,1,53,24
2023-01-20 07:00:00,40,0.6,49,2,55,24
2023-01-20 08:00:00,54,0.6,56,3,47,32
2023-01-20 09:00:00,53,0.7,74,4,38,42
2023-01-20 10:00:00,66,0.7,85,7,53,35
2023-01-20 11:00:00,55,0.7,73,7,50,39
2023-01-20 12:00:00,45,0.7,63,5,67,32
2023-01-20 13:00:00,51,0.6,76,4,79,29
2023-01-20 14:00:00,56,0.6,75,3,87,26
2023-01-20 15:00:00,61,0.6,82,3,85,29
2023-01-20 16:00:00,55,0.5,91,2,88,29
2023-01-20 17:00:00,66,0.5,81,2,88,29
2023-01-20 18:00:00,69,0.5,75,2,90,24
2023-01-20 19:00:00,50,0.5,64,2,86,23
2023-01-20 20:00:00,51,0.6,65,2,75,26
2023-01-20 21:00:00,49,0.6,62,2,67,27
2023-01-20 22:00:00,56,0.6,,2,58,31
2023-01-20 23:00:00,53,0.7,62,2,54,31
2023-01-21 00:00:00,49,0.7,58,1,62,22
2023-01-21 01:00:00,49,0.7,69,3,57,22
2023-01-21 02:00:00,50,0.7,58,3,59,20
2023-01-21 03:00:00,52,0.7,62,3,64,16
2023-01-21 04:00:00,51,0.6,59,3,67,14
2023-01-21 05:00:00,56,0.7,,3,54,19
2023-01-21 06:00:00,61,0.7,,1,51,20
2023-01-21 07:00:00,69,0.7,,1,50,20
2023-01-21 08:00:00,58,0.7,71,1,51,20
2023-01-21 09:00:00,56,0.7,62,1,56,19
2023-01-21 10:00:00,68,0.8,,1,45,23
2023-01-21 11:00:00,66,0.8,73,2,42,26
2023-01-21 12:00:00,65,0.8,73,1,48,24
2023-01-21 13:00:00,76,0.8,81,2,53,21
2023-01-21 14:00:00,74,0.7,77,2,56,21
2023-01-21 15:00:00,88,0.8,91,2,53,21
2023-01-21 16:00:00,82,0.8,95,3,54,19
2023-01-21 17:00:00,95,0.8,97,2,56,17
2023-01-21 18:00:00,116,0.9,,2,48,20
2023-01-21 19:00:00,106,0.9,109,2,46,21
2023-01-21 20:00:00,99,0.9,,2,44,21
2023-01-21 21:00:00,82,0.8,90,1,46,21
2023-01-21 23:00:00,98,0.9,117,2,33,27
2023-01-22 00:00:00,102,1,103,2,27,30
2023-01-22 01:00:00,95,0.9,103,2,20,34
2023-01-22 02:00:00,122,1,,2,7,45
2023-01-22 03:00:00,137,1.1,148,2,4,43
2023-01-22 04:00:00,153,1,167,2,23,28
2023-01-22 05:00:00,164,1,173,2,22,24
2023-01-22 06:00:00,177,1.1,,2,12,31
2023-01-22 07:00:00,177,1.1,181,2,4,38
2023-01-22 08:00:00,180,1.1,,2,11,32
2023-01-22 09:00:00,171,1.1,182,3,11,31
2023-01-22 10:00:00,220,1.2,,2,9,34
2023-01-22 11:00:00,144,1.1,154,3,21,28
2023-01-22 12:00:00,120,1,138,4,37,24
2023-01-22 13:00:00,98,0.9,111,4,54,24
2023-01-22 14:00:00,84,0.8,,3,76,19
2023-01-22 15:00:00,73,0.7,81,3,86,17
2023-01-22 16:00:00,73,0.6,87,3,95,16
2023-01-22 17:00:00,65,0.6,81,2,98,16
2023-01-22 18:00:00,73,0.7,77,2,90,21
2023-01-22 19:00:00,67,0.7,81,2,80,28
2023-01-22 20:00:00,70,0.7,83,2,71,30
2023-01-22 21:00:00,68,0.8,80,2,54,38
2023-01-22 22:00:00,70,0.7,77,2,74,23
2023-01-22 23:00:00,80,0.7,89,2,74,21
2023-01-23 00:00:00,77,0.7,91,2,76,18
2023-01-23 01:00:00,76,0.7,90,2,68,21
2023-01-23 02:00:00,92,0.8,,2,62,22
2023-01-23 03:00:00,87,0.7,95,2,63,18
2023-01-23 04:00:00,76,0.7,93,2,61,18
2023-01-23 05:00:00,89,0.7,90,2,58,18
2023-01-23 06:00:00,91,0.8,99,2,48,21
2023-01-23 07:00:00,92,0.8,92,2,38,28
2023-01-23 08:00:00,96,0.8,,2,23,37
2023-01-23 09:00:00,91,0.8,102,2,19,41
2023-01-23 10:00:00,85,0.8,104,3,26,33
2023-01-23 11:00:00,86,0.9,104,3,34,31
2023-01-23 12:00:00,76,0.8,95,3,54,25
2023-01-23 13:00:00,64,0.7,80,4,77,19
2023-01-23 14:00:00,66,0.6,72,3,90,15
2023-01-23 15:00:00,63,0.6,75,2,92,13
2023-01-23 16:00:00,78,0.6,85,2,90,15
2023-01-23 17:00:00,82,0.6,85,2,89,15
2023-01-23 18:00:00,66,0.6,89,2,83,18
2023-01-23 19:00:00,70,0.6,86,2,77,18
2023-01-23 20:00:00,67,0.6,76,2,72,19
2023-01-23 21:00:00,85,0.6,102,2,65,23
2023-01-23 22:00:00,82,0.7,83,3,53,32
2023-01-23 23:00:00,75,0.7,96,3,49,31
2023-01-24 00:00:00,44,0.5,74,2,72,14
2023-01-24 01:00:00,32,0.4,72,2,72,13
2023-01-24 02:00:00,35,0.4,70,2,73,11
2023-01-24 03:00:00,29,0.4,77,1,76,9
2023-01-24 04:00:00,33,0.4,73,1,76,8
2023-01-24 05:00:00,34,0.4,60,1,74,8
2023-01-24 06:00:00,36,0.4,68,1,73,10
2023-01-24 07:00:00,33,0.5,83,1,72,10
2023-01-24 08:00:00,26,0.5,79,1,68,13
2023-01-24 09:00:00,29,0.5,82,1,65,13
2023-01-24 10:00:00,33,0.5,70,2,60,15
2023-01-24 11:00:00,22,0.5,79,2,57,17
2023-01-24 12:00:00,21,0.6,78,2,60,16
2023-01-24 13:00:00,26,0.5,69,2,61,16
2023-01-24 14:00:00,31,0.5,70,2,,
2023-01-24 15:00:00,10,,59,4,65,15
2023-01-24 16:00:00,27,0.2,87,2,65,17
2023-01-24 17:00:00,44,0.3,94,2,64,19
2023-01-24 18:00:00,43,0.3,107,2,64,20
2023-01-24 19:00:00,45,0.3,94,2,62,21
2023-01-24 20:00:00,56,0.3,98,2,62,19
2023-01-24 21:00:00,44,0.3,95,2,60,20
2023-01-24 22:00:00,44,0.3,101,2,62,18
2023-01-24 23:00:00,50,0.3,95,2,65,16
2023-01-25 00:00:00,42,0.3,91,2,66,14
2023-01-25 01:00:00,51,0.4,99,2,65,13
2023-01-25 02:00:00,46,0.4,105,4,59,15
2023-01-25 03:00:00,57,0.4,97,4,54,17
2023-01-25 04:00:00,53,0.4,105,6,51,17
2023-01-25 05:00:00,46,0.4,100,3,69,11
2023-01-25 06:00:00,45,0.4,111,2,70,10
2023-01-25 07:00:00,54,0.4,115,2,70,10
2023-01-25 08:00:00,46,0.4,101,2,67,13
2023-01-25 09:00:00,46,0.4,112,2,66,13
2023-01-25 10:00:00,50,0.4,106,2,60,17
2023-01-25 11:00:00,34,0.4,95,2,56,20
2023-01-25 12:00:00,27,0.4,85,3,65,15
2023-01-25 13:00:00,32,0.4,106,3,69,15
2023-01-25 14:00:00,28,0.4,87,3,70,16
2023-01-25 15:00:00,36,0.4,111,3,71,18
2023-01-25 16:00:00,42,0.4,104,3,67,22
2023-01-25 17:00:00,69,0.4,109,3,63,26
2023-01-25 18:00:00,71,0.4,113,3,57,31
2023-01-25 19:00:00,72,0.5,114,3,48,37
2023-01-25 20:00:00,69,0.5,122,2,30,50
2023-01-25 21:00:00,65,0.6,112,2,26,51
2023-01-25 22:00:00,69,0.5,121,2,52,28
2023-01-25 23:00:00,71,0.5,119,4,53,21
2023-01-26 00:00:00,77,0.5,116,3,52,19
2023-01-26 01:00:00,76,0.5,109,4,46,20
2023-01-26 02:00:00,82,0.6,106,4,42,21
2023-01-26 03:00:00,83,0.6,111,4,38,22
2023-01-26 04:00:00,82,0.6,121,2,35,22
2023-01-26 05:00:00,90,0.6,120,3,33,20
2023-01-26 06:00:00,87,0.6,114,4,30,22
2023-01-26 07:00:00,95,0.6,110,4,28,24
2023-01-26 08:00:00,90,0.6,111,4,30,22
2023-01-26 09:00:00,88,0.7,128,4,26,24
2023-01-26 10:00:00,81,0.7,116,4,23,27
2023-01-26 11:00:00,78,0.7,110,6,27,26
2023-01-26 12:00:00,64,0.7,98,5,35,24
2023-01-26 13:00:00,57,0.6,87,4,47,21
2023-01-26 14:00:00,55,0.6,87,3,64,16
2023-01-26 15:00:00,71,0.6,93,3,74,17
2023-01-26 16:00:00,70,0.5,104,3,82,18
2023-01-26 17:00:00,78,0.5,112,3,82,20
2023-01-26 18:00:00,79,0.6,126,3,70,24
2023-01-26 19:00:00,96,0.6,125,3,58,29
2023-01-26 20:00:00,95,0.7,116,3,42,40
2023-01-26 21:00:00,94,0.8,121,3,29,53
2023-01-26 22:00:00,94,0.9,116,2,12,69
2023-01-26 23:00:00,80,0.9,115,3,11,66
2023-01-27 00:00:00,97,0.8,119,3,19,55
2023-01-27 01:00:00,83,0.8,108,2,14,56
2023-01-27 02:00:00,79,0.9,105,3,6,62
2023-01-27 03:00:00,84,1,107,2,2,62
2023-01-27 04:00:00,83,0.9,109,2,4,58
2023-01-27 05:00:00,75,0.8,121,2,11,48
2023-01-27 06:00:00,80,0.8,112,3,20,38
2023-01-27 07:00:00,90,0.8,117,3,18,38
2023-01-27 08:00:00,93,0.8,121,4,13,42
2023-01-27 09:00:00,57,0.7,104,5,23,35
2023-01-27 10:00:00,35,0.5,86,4,44,26
2023-01-27 11:00:00,35,0.4,72,3,59,20
2023-01-27 12:00:00,2,0.4,66,2,67,17
2023-01-27 13:00:00,4,0.3,57,2,74,16
2023-01-27 14:00:00,11,0.3,55,2,79,16
2023-01-27 15:00:00,21,0.3,69,2,80,18
2023-01-27 17:00:00,38,0.4,77,2,92,18
2023-01-27 18:00:00,57,0.4,92,2,92,20
2023-01-27 19:00:00,50,0.4,93,2,77,31
2023-01-27 20:00:00,62,0.7,91,3,50,54
2023-01-27 21:00:00,56,0.7,89,3,44,54
2023-01-27 22:00:00,52,0.8,89,2,30,66
2023-01-27 23:00:00,61,1.1,96,1,4,86
2023-01-28 00:00:00,46,0.9,100,2,4,84
2023-01-28 01:00:00,59,1,92,3,3,81
2023-01-28 02:00:00,61,1,84,3,4,74
2023-01-28 03:00:00,67,0.9,93,4,5,65
2023-01-28 04:00:00,66,0.8,105,4,6,60
2023-01-28 05:00:00,69,0.8,95,4,9,52
2023-01-28 06:00:00,71,0.7,88,4,16,40
2023-01-28 07:00:00,60,0.7,94,4,8,44
2023-01-28 08:00:00,61,0.8,89,5,4,49
2023-01-28 09:00:00,55,0.9,97,5,6,48
2023-01-28 10:00:00,44,1,86,9,14,48
2023-01-28 11:00:00,56,1,77,10,23,50
2023-01-28 12:00:00,47,0.9,94,9,37,49
2023-01-28 13:00:00,46,0.8,92,10,54,46
2023-01-28 14:00:00,54,0.7,84,8,71,38
2023-01-28 15:00:00,47,0.5,86,5,90,23
2023-01-28 16:00:00,38,0.5,88,4,102,17
2023-01-28 17:00:00,45,0.4,91,4,106,16
2023-01-28 18:00:00,66,0.4,88,3,103,19
2023-01-28 19:00:00,68,0.5,95,3,87,30
2023-01-28 20:00:00,74,0.7,98,3,58,53
2023-01-28 21:00:00,99,0.8,119,4,38,67
2023-01-28 22:00:00,82,1.3,114,4,5,96
2023-01-28 23:00:00,93,1.6,110,4,5,96
2023-01-29 00:00:00,78,1.8,114,4,3,95
2023-01-29 01:00:00,76,1.8,104,4,2,92
2023-01-29 02:00:00,88,1.8,103,3,2,82
2023-01-29 03:00:00,77,1.4,101,4,2,76
2023-01-29 04:00:00,92,1.2,114,3,2,68
2023-01-29 05:00:00,88,0.9,108,2,10,52
2023-01-29 06:00:00,67,0.7,93,2,25,38
2023-01-29 07:00:00,85,0.9,105,2,19,47
2023-01-29 08:00:00,80,0.9,106,1,6,57
2023-01-29 09:00:00,77,1.1,102,3,6,59
2023-01-29 10:00:00,70,1.1,94,3,21,48
2023-01-29 11:00:00,65,1,88,5,40,43
2023-01-29 12:00:00,62,0.9,95,6,55,45
2023-01-29 13:00:00,65,0.7,81,6,72,33
2023-01-29 14:00:00,50,0.6,81,4,97,18
2023-01-29 15:00:00,46,0.6,78,3,108,16
2023-01-29 16:00:00,59,0.6,78,3,114,17
2023-01-29 17:00:00,68,0.6,93,4,119,19
2023-01-29 18:00:00,69,0.6,115,4,114,23
2023-01-29 19:00:00,83,0.7,110,3,93,35
2023-01-29 20:00:00,66,0.7,101,4,89,40
2023-01-29 21:00:00,82,1.1,120,3,39,78
2023-01-29 22:00:00,94,1.7,135,3,4,110
2023-01-29 23:00:00,96,1.7,137,4,4,109
2023-01-30 00:00:00,104,1.6,137,3,3,106
2023-01-30 01:00:00,107,1.6,130,3,3,102
2023-01-30 02:00:00,93,1.4,134,2,2,95
2023-01-30 03:00:00,103,1.4,140,2,2,85
2023-01-30 04:00:00,121,1.1,148,2,4,74
2023-01-30 05:00:00,112,1,146,3,10,63
2023-01-30 06:00:00,118,1,146,4,16,51
2023-01-30 07:00:00,110,1,126,4,16,52
2023-01-30 08:00:00,115,1.1,131,4,8,63
2023-01-30 09:00:00,100,1.2,138,4,6,66
2023-01-30 10:00:00,96,1.2,131,4,15,62
2023-01-30 11:00:00,105,1.2,124,4,23,65
2023-01-30 12:00:00,89,1.1,129,4,37,64
2023-01-30 13:00:00,85,1,120,4,64,60
2023-01-30 14:00:00,85,0.9,110,4,87,47
2023-01-30 15:00:00,85,0.8,106,3,99,40
2023-01-30 16:00:00,82,0.7,109,2,110,34
2023-01-30 17:00:00,82,0.7,110,2,114,33
2023-01-30 18:00:00,92,0.7,126,2,112,36
2023-01-30 19:00:00,108,0.9,133,2,,49
2023-01-30 20:00:00,115,,171,2,60,70
2023-01-30 21:00:00,113,1,165,,42,83
2023-01-30 22:00:00,111,1,141,2,47,80
2023-01-30 23:00:00,117,1.2,154,2,19,108
2023-01-31 00:00:00,133,1.7,160,2,4,117
2023-01-31 01:00:00,128,1.5,161,4,3,113
2023-01-31 02:00:00,137,1.5,166,3,2,104
2023-01-31 03:00:00,129,1.4,162,3,2,98
2023-01-31 04:00:00,129,1.3,164,3,2,93
2023-01-31 05:00:00,135,1.3,186,2,2,86
2023-01-31 06:00:00,128,1.3,171,1,2,80
2023-01-31 07:00:00,141,1.3,172,3,2,78
2023-01-31 08:00:00,134,1.4,163,1,2,72
2023-01-31 09:00:00,141,1.7,166,3,3,72
2023-01-31 10:00:00,120,1.5,159,8,8,76
2023-01-31 11:00:00,119,1.4,139,9,23,76
2023-01-31 12:00:00,119,1.2,136,8,51,69
2023-01-31 13:00:00,119,1,138,6,80,59
2023-01-31 14:00:00,119,0.9,139,5,103,53
2023-01-31 16:00:00,115,0.8,145,3,112,56
2023-01-31 17:00:00,122,0.8,152,4,111,58
2023-01-31 18:00:00,134,0.9,165,4,110,60
2023-01-31 19:00:00,151,1,166,3,88,76
2023-01-31 20:00:00,159,1.5,199,3,32,125
2023-01-31 21:00:00,130,1.4,186,4,19,130
2023-01-31 22:00:00,151,1.6,185,3,10,132
2023-01-31 23:00:00,159,1.6,186,3,8,133
2023-02-01 00:00:00,145,1.5,177,4,8,125
2023-02-01 01:00:00,153,1.7,179,4,2,129
2023-02-01 02:00:00,149,1.9,176,5,3,119
2023-02-01 03:00:00,144,1.8,167,5,2,107
2023-02-01 04:00:00,138,1.7,167,5,2,104
2023-02-01 05:00:00,154,1.7,166,3,2,95
2023-02-01 06:00:00,155,1.3,157,4,2,79
2023-02-01 07:00:00,140,1.2,155,3,3,70
2023-02-01 08:00:00,130,1,150,3,7,62
2023-02-01 09:00:00,132,1.1,146,4,6,72
2023-02-01 10:00:00,106,1,142,3,19,66
2023-02-01 11:00:00,103,1,116,2,27,64
2023-02-01 12:00:00,110,1,130,2,29,70
2023-02-01 13:00:00,115,1.2,132,2,24,82
2023-02-01 14:00:00,115,1.4,148,3,26,90
2023-02-01 15:00:00,96,1.2,147,3,30,94
2023-02-01 16:00:00,66,0.8,103,4,57,59
2023-02-01 17:00:00,78,0.7,101,5,64,53
2023-02-01 18:00:00,86,0.7,117,4,63,52
2023-02-01 19:00:00,106,0.9,146,4,31,83
2023-02-01 20:00:00,126,0.9,152,4,19,85
2023-02-01 21:00:00,122,0.9,153,5,18,77
2023-02-01 22:00:00,120,0.9,146,5,12,76
2023-02-01 23:00:00,116,0.8,142,5,9,71
2023-02-02 01:00:00,117,0.8,136,4,7,65
2023-02-02 02:00:00,95,0.8,116,5,14,57
2023-02-02 03:00:00,95,0.7,105,5,25,47
2023-02-02 04:00:00,80,0.6,81,4,37,37
2023-02-02 05:00:00,66,0.5,,4,54,27
2023-02-02 06:00:00,49,0.5,67,4,60,25
2023-02-02 07:00:00,57,0.5,67,3,45,36
2023-02-02 08:00:00,52,0.7,78,4,14,62
2023-02-02 09:00:00,62,1.3,108,4,10,71
2023-02-02 10:00:00,35,0.8,84,5,32,57
2023-02-02 11:00:00,48,0.6,71,4,62,40
2023-02-02 12:00:00,39,0.5,59,4,90,26
2023-02-02 13:00:00,37,0.5,55,3,107,18
2023-02-02 14:00:00,52,0.5,72,3,116,17
2023-02-02 15:00:00,51,0.5,68,3,124,17
2023-02-02 16:00:00,54,0.5,82,4,129,18
2023-02-02 17:00:00,61,0.5,88,4,130,19
2023-02-02 18:00:00,59,0.5,89,3,128,21
2023-02-02 19:00:00,75,0.6,101,4,108,33
2023-02-02 20:00:00,79,0.7,104,4,86,43
2023-02-02 21:00:00,74,0.7,84,4,87,36
2023-02-02 22:00:00,74,0.7,97,4,81,39
2023-02-02 23:00:00,84,0.7,98,4,67,47
2023-02-03 00:00:00,73,0.7,101,4,52,56
2023-02-03 01:00:00,83,0.7,99,4,42,61
2023-02-03 02:00:00,79,0.8,115,4,15,81
2023-02-03 03:00:00,81,0.9,98,3,6,84
2023-02-03 04:00:00,87,1,117,2,2,86
2023-02-03 05:00:00,114,1,132,3,2,83
2023-02-03 06:00:00,122,1,151,3,4,74
2023-02-03 07:00:00,112,0.8,140,5,26,50
2023-02-03 08:00:00,114,0.9,136,3,21,51
2023-02-03 09:00:00,142,0.9,191,2,19,49
2023-02-03 10:00:00,124,1,179,1,25,43
2023-02-03 11:00:00,123,1.1,140,3,30,44
2023-02-03 12:00:00,138,1.1,165,5,40,46
2023-02-03 13:00:00,150,1,170,6,64,40
2023-02-03 14:00:00,140,1,156,6,80,41
2023-02-03 15:00:00,134,0.9,146,6,98,37
2023-02-03 16:00:00,127,0.8,154,5,116,31
2023-02-03 17:00:00,135,0.8,148,5,121,34
2023-02-03 18:00:00,174,0.9,195,5,115,36
2023-02-03 19:00:00,171,0.9,192,5,98,49
2023-02-03 20:00:00,151,0.9,182,4,96,44
2023-02-04 02:00:00,156,0.9,177,6,61,36
2023-02-04 03:00:00,154,0.8,170,7,61,33
2023-02-04 04:00:00,157,0.9,171,3,46,40
2023-02-04 05:00:00,156,0.9,169,2,38,43
2023-02-04 06:00:00,148,0.9,165,2,39,42
2023-02-04 07:00:00,164,0.9,173,2,30,47
2023-02-04 08:00:00,159,1.2,211,2,27,48
2023-02-04 09:00:00,169,1.1,202,2,15,61
2023-02-04 10:00:00,157,1.1,198,2,28,56
2023-02-04 11:00:00,163,1.1,181,3,40,57
2023-02-04 12:00:00,152,1,163,3,74,46
2023-02-04 13:00:00,156,0.9,163,2,98,38
2023-02-04 14:00:00,135,0.9,171,1,114,37
2023-02-04 15:00:00,131,0.8,151,2,128,31
2023-02-04 16:00:00,125,0.8,151,2,141,26
2023-02-04 17:00:00,108,0.7,132,1,148,22
2023-02-04 18:00:00,111,0.7,153,1,147,24
2023-02-04 19:00:00,130,0.8,153,1,124,32
2023-02-04 20:00:00,130,0.9,159,1,106,37
2023-02-04 21:00:00,123,0.9,155,2,88,45
2023-02-04 22:00:00,130,0.9,147,1,82,42
2023-02-04 23:00:00,118,0.8,129,1,88,30
2023-02-05 00:00:00,109,0.8,149,1,79,34
2023-02-05 01:00:00,109,0.8,119,1,70,40
2023-02-05 02:00:00,94,0.7,121,1,86,25
2023-02-05 03:00:00,100,0.7,118,1,88,18
2023-02-05 04:00:00,117,0.8,132,1,81,20
2023-02-05 05:00:00,120,0.8,148,1,78,19
2023-02-05 06:00:00,118,0.8,137,1,70,22
2023-02-05 07:00:00,139,0.8,159,1,49,30
2023-02-05 08:00:00,167,0.9,203,3,44,31
2023-02-05 09:00:00,180,1,203,4,32,36
2023-02-05 10:00:00,186,1,200,4,24,40
2023-02-05 11:00:00,163,1.1,195,3,26,37
2023-02-05 12:00:00,150,1,169,3,31,33
2023-02-05 13:00:00,157,1,164,4,26,38
2023-02-05 14:00:00,126,1,137,4,29,35
2023-02-05 15:00:00,147,1,174,2,16,45
2023-02-05 16:00:00,134,1,154,2,24,35
2023-02-05 17:00:00,122,0.9,138,2,30,30
2023-02-05 18:00:00,117,0.9,140,2,31,30
2023-02-05 19:00:00,117,0.9,140,2,34,33
2023-02-05 20:00:00,128,1,141,1,24,39
2023-02-05 21:00:00,112,1,129,1,30,38
2023-02-05 22:00:00,109,0.9,126,3,24,42
2023-02-05 23:00:00,117,1,119,3,20,46
2023-02-06 00:00:00,111,1,118,1,13,52
2023-02-06 01:00:00,105,1.1,116,1,7,58
2023-02-06 02:00:00,110,1.1,118,2,5,60
2023-02-06 03:00:00,109,1,124,2,9,53
2023-02-06 04:00:00,115,1,125,3,7,46
2023-02-06 05:00:00,112,0.9,125,3,17,33
2023-02-06 06:00:00,112,1,126,2,6,46
2023-02-06 07:00:00,117,1,139,2,5,49
2023-02-06 08:00:00,119,1,128,2,12,43
2023-02-06 09:00:00,116,1,133,3,12,45
2023-02-06 10:00:00,126,1.1,148,3,10,48
2023-02-06 11:00:00,131,1.3,138,3,11,53
2023-02-06 12:00:00,118,1.3,141,4,14,57
2023-02-06 13:00:00,113,1.3,134,4,22,57
2023-02-06 14:00:00,118,1.1,138,3,38,52
2023-02-06 15:00:00,129,1.2,142,4,33,64
2023-02-06 16:00:00,134,1.1,163,4,40,64
2023-02-06 17:00:00,134,1.1,156,4,35,70
2023-02-06 18:00:00,141,1.2,156,3,31,74
2023-02-06 19:00:00,136,1.2,154,3,28,75
2023-02-06 20:00:00,136,1.3,153,3,18,81
2023-02-06 21:00:00,145,1.5,180,4,4,95
2023-02-06 22:00:00,151,1.6,174,3,2,94
2023-02-06 23:00:00,148,1.6,172,4,2,93
2023-02-07 00:00:00,152,1.7,169,4,2,89
2023-02-07 01:00:00,154,1.5,155,4,2,83
2023-02-07 02:00:00,146,1.4,154,3,2,81
2023-02-07 03:00:00,155,1.4,162,3,2,75
2023-02-07 04:00:00,161,1.3,,3,4,63
2023-02-07 05:00:00,170,1.2,,4,10,53
2023-02-07 06:00:00,142,1.5,166,4,2,76
2023-02-07 07:00:00,150,1.5,173,3,2,70
2023-02-07 08:00:00,156,1.5,187,3,2,68
2023-02-07 09:00:00,175,1.8,181,4,2,66
2023-02-07 10:00:00,159,1.8,193,4,2,62
2023-02-07 11:00:00,168,1.9,213,4,3,62
2023-02-07 12:00:00,157,1.8,178,4,6,66
2023-02-07 13:00:00,,1.6,,4,,
2023-02-07 14:00:00,131,,140,4,49,63
2023-02-07 15:00:00,117,0.8,121,,75,39
2023-02-07 16:00:00,109,0.7,116,3,89,28
2023-02-07 17:00:00,128,0.8,136,3,71,39
2023-02-07 18:00:00,121,0.8,135,3,62,43
2023-02-07 19:00:00,,,,,,
2023-02-07 20:00:00,144,0.9,159,3,36,57
2023-02-07 21:00:00,132,1,147,2,32,52
2023-02-07 22:00:00,152,1,,2,19,60
2023-02-07 23:00:00,160,0.9,,3,31,45
2023-02-08 00:00:00,158,1,161,2,14,59
2023-02-08 01:00:00,128,0.9,144,2,26,46
2023-02-08 02:00:00,118,0.8,138,2,,31
2023-02-08 03:00:00,100,0.7,105,1,69,22
2023-02-08 04:00:00,100,0.7,101,2,63,24
2023-02-08 05:00:00,82,0.6,92,2,67,18
2023-02-08 06:00:00,70,0.6,88,2,67,16
2023-02-08 07:00:00,77,0.6,83,2,60,18
2023-02-08 08:00:00,94,0.7,97,2,50,25
2023-02-08 09:00:00,92,0.8,96,2,41,32
2023-02-08 10:00:00,90,0.8,99,2,37,32
2023-02-08 11:00:00,70,0.8,,2,26,34
2023-02-08 12:00:00,72,0.9,83,2,23,44
2023-02-08 13:00:00,72,0.9,79,2,33,39
2023-02-08 14:00:00,60,0.8,,2,36,35
2023-02-08 15:00:00,44,0.8,57,2,36,34
2023-02-08 16:00:00,60,0.8,73,2,41,33
2023-02-08 17:00:00,74,0.7,74,2,50,31
2023-02-08 18:00:00,68,0.7,82,2,44,36
2023-02-08 19:00:00,69,0.7,74,2,46,31
2023-02-08 20:00:00,76,0.7,85,2,38,35
2023-02-08 21:00:00,87,0.7,,2,37,29
2023-02-08 22:00:00,57,0.7,,2,39,25
2023-02-08 23:00:00,42,0.7,49,2,28,31
2023-02-09 00:00:00,49,0.7,,2,34,27
2023-02-09 01:00:00,35,0.7,36,2,31,24
2023-02-09 02:00:00,29,0.6,30,2,28,21
2023-02-09 03:00:00,31,0.6,,2,25,21
2023-02-09 04:00:00,27,0.6,,2,24,20
2023-02-09 05:00:00,32,0.6,,2,24,19
2023-02-09 06:00:00,21,0.6,29,3,27,19
2023-02-09 07:00:00,29,0.6,,3,26,21
2023-02-09 08:00:00,19,0.7,26,5,16,31
2023-02-09 09:00:00,33,0.8,,4,10,38
2023-02-09 10:00:00,18,0.9,,5,25,32
2023-02-09 11:00:00,27,0.7,,4,54,25
2023-02-09 12:00:00,20,0.7,25,3,65,23
2023-02-09 13:00:00,27,0.7,33,3,66,26
2023-02-09 14:00:00,17,0.6,21,3,75,23
2023-02-09 15:00:00,18,0.6,31,3,84,22
2023-02-09 16:00:00,34,0.6,53,3,96,21
2023-02-09 17:00:00,47,0.6,49,2,101,21
2023-02-09 18:00:00,51,0.6,62,2,85,32
2023-02-09 19:00:00,49,0.7,65,2,65,46
2023-02-09 20:00:00,47,0.8,71,2,65,45
2023-02-09 21:00:00,49,0.7,70,2,65,42
2023-02-09 22:00:00,45,0.7,65,3,59,45
2023-02-09 23:00:00,46,0.8,62,3,29,62
2023-02-10 00:00:00,42,0.8,54,3,11,68
2023-02-10 01:00:00,42,0.7,53,2,29,39
2023-02-10 02:00:00,44,0.7,49,2,30,33
2023-02-10 03:00:00,44,0.6,49,2,32,28
2023-02-10 04:00:00,37,0.6,50,2,30,27
2023-02-10 05:00:00,46,0.6,46,3,32,27
2023-02-10 06:00:00,53,0.6,54,2,35,23
2023-02-10 07:00:00,61,0.7,,2,29,27
2023-02-10 08:00:00,58,0.7,64,2,18,36
2023-02-10 09:00:00,57,0.8,85,2,15,41
2023-02-10 10:00:00,60,0.9,70,2,8,49
2023-02-10 11:00:00,63,1,70,2,9,50
2023-02-10 12:00:00,65,1,71,2,8,52
2023-02-10 13:00:00,51,1,60,2,21,45
2023-02-10 14:00:00,62,0.9,69,1,32,42
2023-02-10 15:00:00,51,0.8,64,2,33,42
2023-02-10 16:00:00,62,0.8,83,2,50,39
2023-02-10 17:00:00,86,0.8,98,2,39,48
2023-02-10 18:00:00,88,0.9,110,2,22,58
2023-02-10 19:00:00,79,0.8,108,2,17,60
2023-02-10 20:00:00,70,0.8,89,2,21,52
2023-02-10 21:00:00,64,0.8,74,2,39,37
2023-02-10 22:00:00,64,0.8,72,2,39,36
2023-02-10 23:00:00,70,0.8,91,2,13,57
2023-02-11 00:00:00,83,0.9,,2,6,58
2023-02-11 01:00:00,80,0.8,,2,6,53
2023-02-11 02:00:00,73,0.8,,2,6,51
2023-02-11 03:00:00,53,0.8,,2,6,48
2023-02-11 04:00:00,59,0.8,64,1,17,39
2023-02-11 05:00:00,65,0.9,,1,11,42
2023-02-11 06:00:00,73,0.8,,1,11,41
2023-02-11 07:00:00,77,0.8,,2,17,36
2023-02-11 08:00:00,72,0.8,,3,12,41
2023-02-11 09:00:00,66,0.9,68,1,14,40
2023-02-11 10:00:00,70,0.9,72,2,9,44
2023-02-11 11:00:00,74,1,82,2,11,44
2023-02-11 12:00:00,83,1,,1,18,40
2023-02-11 13:00:00,76,1,87,2,19,41
2023-02-11 14:00:00,73,1,82,2,22,42
2023-02-11 15:00:00,85,0.9,,2,18,45
2023-02-11 16:00:00,83,0.9,85,3,14,50
2023-02-11 17:00:00,67,1,93,2,12,55
2023-02-11 18:00:00,78,1,84,3,10,60
2023-02-11 19:00:00,89,1.1,113,3,9,63
2023-02-11 20:00:00,75,1,93,3,13,56
2023-02-11 21:00:00,75,0.9,80,2,17,41
2023-02-11 22:00:00,81,0.8,,3,17,40
2023-02-11 23:00:00,71,0.8,82,3,13,38
2023-02-12 00:00:00,56,0.8,63,2,10,37
2023-02-12 01:00:00,51,0.8,60,2,8,40
2023-02-12 02:00:00,53,0.8,70,3,7,37
2023-02-12 03:00:00,49,0.8,56,3,9,34
2023-02-12 04:00:00,44,0.7,47,3,15,29
2023-02-12 05:00:00,37,0.7,48,3,20,26
2023-02-12 06:00:00,37,0.7,47,4,19,27
2023-02-12 07:00:00,40,0.8,51,4,17,31
2023-02-12 08:00:00,44,0.8,48,4,9,38
2023-02-12 09:00:00,46,0.9,48,4,7,43
2023-02-12 10:00:00,30,0.9,45,4,9,42
2023-02-12 11:00:00,29,1,46,4,12,44
2023-02-12 12:00:00,27,0.9,37,4,18,40
2023-02-12 13:00:00,24,0.8,29,4,21,38
2023-02-12 14:00:00,22,0.8,29,3,27,36
2023-02-12 15:00:00,25,0.7,25,3,37,27
2023-02-12 16:00:00,30,0.7,36,3,40,25
2023-02-12 17:00:00,24,0.7,48,3,39,30
2023-02-12 18:00:00,32,0.6,55,3,52,25
2023-02-12 19:00:00,40,0.6,53,3,44,34
2023-02-12 20:00:00,39,0.7,60,3,32,46
2023-02-12 21:00:00,39,0.6,55,3,38,40
2023-02-12 22:00:00,24,0.6,55,3,33,45
2023-02-12 23:00:00,25,0.5,50,2,49,29
2023-02-13 00:00:00,44,0.8,68,3,17,47
2023-02-13 01:00:00,39,0.9,54,2,5,49
2023-02-13 02:00:00,32,0.8,50,2,4,47
2023-02-13 03:00:00,38,0.8,45,3,5,46
2023-02-13 04:00:00,29,0.6,55,3,18,40
2023-02-13 05:00:00,30,0.6,59,4,26,34
2023-02-13 06:00:00,40,0.6,57,4,27,32
2023-02-13 07:00:00,37,0.5,51,3,34,30
2023-02-13 08:00:00,30,0.6,54,4,49,21
2023-02-13 09:00:00,15,0.6,38,1,47,22
2023-02-13 10:00:00,20,0.7,31,1,44,24
2023-02-13 11:00:00,7,0.7,18,2,41,26
2023-02-13 12:00:00,2,0.6,18,1,46,23
2023-02-13 13:00:00,2,0.6,19,1,47,24
2023-02-13 14:00:00,17,0.7,27,1,42,30
2023-02-13 15:00:00,22,0.6,24,2,49,22
2023-02-13 16:00:00,18,0.6,35,2,47,26
2023-02-13 17:00:00,14,0.6,22,2,48,24
2023-02-13 18:00:00,14,0.6,31,2,52,22
2023-02-13 19:00:00,11,0.7,26,2,55,20
2023-02-13 20:00:00,13,0.7,18,2,54,20
2023-02-13 21:00:00,6,0.7,18,2,50,24
2023-02-13 23:00:00,10,0.7,20,2,48,28
2023-02-14 00:00:00,17,0.6,30,2,60,23
2023-02-14 01:00:00,21,0.6,,2,64,21
2023-02-14 02:00:00,10,0.6,14,2,64,19
2023-02-14 03:00:00,11,0.7,23,2,51,28
2023-02-14 04:00:00,28,0.7,32,2,36,32
2023-02-14 05:00:00,28,0.7,,1,35,30
2023-02-14 06:00:00,11,0.8,12,2,34,30
2023-02-14 07:00:00,16,0.8,31,2,31,31
2023-02-14 08:00:00,21,0.8,27,2,23,42
2023-02-14 09:00:00,,,20,,,
2023-02-14 10:00:00,,,57,,,
2023-02-14 11:00:00,,,17,,,
2023-02-14 12:00:00,,,28,,,
2023-02-14 13:00:00,,,52,,,
2023-02-14 14:00:00,,,30,,,
2023-02-14 15:00:00,,,46,,,
2023-02-14 16:00:00,,,44,,,
2023-02-14 17:00:00,,,44,,,
2023-02-14 18:00:00,,,37,,,
2023-02-14 19:00:00,2,1,29,,82,15
2023-02-14 20:00:00,9,0.5,28,2,73,23
2023-02-14 21:00:00,10,0.5,30,2,65,26
2023-02-14 22:00:00,7,0.5,30,2,60,29
2023-02-14 23:00:00,20,0.5,24,2,46,35
2023-02-15 00:00:00,22,0.4,34,2,50,30
2023-02-15 01:00:00,17,0.4,26,2,47,33
2023-02-15 02:00:00,24,0.4,27,2,56,23
2023-02-15 03:00:00,24,0.4,28,2,59,21
2023-02-15 04:00:00,31,0.4,31,2,49,25
2023-02-15 05:00:00,24,0.4,27,2,49,22
2023-02-15 06:00:00,18,0.4,23,2,50,22
2023-02-15 07:00:00,31,0.5,,2,48,24
2023-02-15 08:00:00,32,0.5,33,3,47,26
2023-02-15 09:00:00,33,0.6,35,2,45,29
2023-02-15 10:00:00,36,0.5,38,2,42,31
2023-02-15 11:00:00,38,0.7,49,3,14,50
2023-02-15 12:00:00,32,0.6,53,3,20,42
2023-02-15 13:00:00,47,0.5,51,2,29,38
2023-02-15 14:00:00,32,0.5,46,2,39,32
2023-02-15 15:00:00,36,0.5,47,2,45,30
2023-02-15 16:00:00,29,0.5,53,2,44,31
2023-02-15 17:00:00,25,0.5,53,3,45,33
2023-02-15 18:00:00,,,,3,40,40
2023-02-15 19:00:00,44,0.8,65,,26,
2023-02-15 20:00:00,46,0.8,68,3,22,
2023-02-15 21:00:00,59,0.8,65,3,10,
2023-02-15 22:00:00,59,0.8,67,3,4,57
2023-02-15 23:00:00,44,0.7,68,3,4,53
2023-02-16 00:00:00,52,0.7,53,4,8,48
2023-02-16 01:00:00,36,0.7,47,3,4,51
2023-02-16 02:00:00,41,0.7,52,3,,51
2023-02-16 03:00:00,33,0.8,43,3,2,50
2023-02-16 04:00:00,37,0.8,55,3,2,50
2023-02-16 05:00:00,41,0.7,48,3,2,48
2023-02-16 06:00:00,36,0.8,38,3,2,47
2023-02-16 07:00:00,46,0.7,50,3,8,41
2023-02-16 08:00:00,39,0.8,53,2,3,45
2023-02-16 09:00:00,48,0.9,50,2,3,46
2023-02-16 10:00:00,39,0.9,52,3,4,45
2023-02-16 11:00:00,47,0.9,59,3,7,44
2023-02-16 12:00:00,50,0.9,63,4,10,42
2023-02-16 13:00:00,44,0.8,61,3,10,43
2023-02-16 14:00:00,31,0.8,44,2,24,36
2023-02-16 15:00:00,40,0.8,50,2,37,36
2023-02-16 16:00:00,50,0.8,58,2,37,40
2023-02-16 17:00:00,50,0.8,65,2,33,46
2023-02-16 18:00:00,62,1,79,2,11,65
2023-02-16 19:00:00,63,1,85,2,5,73
2023-02-16 20:00:00,69,1,83,1,6,74
2023-02-16 21:00:00,74,1,90,1,2,72
2023-02-16 22:00:00,60,0.9,82,1,3,70
2023-02-16 23:00:00,58,0.9,79,2,5,69
2023-02-17 01:00:00,64,0.9,73,3,20,52
2023-02-17 02:00:00,52,0.7,56,2,32,39
2023-02-17 03:00:00,55,0.8,61,3,21,45
2023-02-17 04:00:00,61,0.7,63,2,29,34
2023-02-17 05:00:00,65,0.8,,2,9,46
2023-02-17 06:00:00,57,0.8,66,2,6,46
2023-02-17 07:00:00,58,0.9,59,2,7,46
2023-02-17 08:00:00,68,0.8,72,2,4,54
2023-02-17 09:00:00,69,0.9,77,3,8,48
2023-02-17 10:00:00,80,0.9,101,5,23,38
2023-02-17 11:00:00,96,0.9,,7,25,39
2023-02-17 12:00:00,87,0.9,124,6,30,39
2023-02-17 13:00:00,82,0.8,102,4,41,34
2023-02-17 14:00:00,120,0.8,,3,50,32
2023-02-17 15:00:00,67,0.8,70,3,64,28
2023-02-17 16:00:00,79,0.8,80,3,64,32
2023-02-17 17:00:00,66,0.8,78,2,69,31
2023-02-17 18:00:00,66,0.9,70,3,61,38
2023-02-17 19:00:00,84,0.9,100,2,36,56
2023-02-17 20:00:00,91,1,109,2,10,69
2023-02-17 21:00:00,85,1,107,3,8,69
2023-02-17 22:00:00,92,0.9,106,3,8,66
2023-02-17 23:00:00,92,0.9,116,3,12,58
2023-02-18 00:00:00,98,0.9,106,4,12,53
2023-02-18 01:00:00,81,0.9,111,4,6,54
2023-02-18 02:00:00,100,0.8,105,4,8,45
2023-02-18 03:00:00,100,0.8,100,4,10,41
2023-02-18 04:00:00,84,0.8,86,2,17,33
2023-02-18 05:00:00,81,0.7,,1,25,25
2023-02-18 06:00:00,69,0.7,74,3,30,24
2023-02-18 07:00:00,65,0.7,65,2,30,25
2023-02-18 08:00:00,54,0.8,69,2,24,32
2023-02-18 09:00:00,54,0.8,66,2,18,40
2023-02-18 10:00:00,61,0.8,69,2,27,38
2023-02-18 11:00:00,53,0.9,81,2,33,38
2023-02-18 12:00:00,67,0.9,70,2,42,37
2023-02-18 13:00:00,43,0.9,56,2,56,33
2023-02-18 14:00:00,51,0.8,54,2,74,31
2023-02-18 15:00:00,37,0.8,40,2,90,25
2023-02-18 16:00:00,46,0.7,69,2,85,27
2023-02-18 17:00:00,28,0.8,46,1,74,32
2023-02-18 18:00:00,45,0.8,54,2,62,38
2023-02-18 19:00:00,39,0.8,50,2,52,47
2023-02-18 20:00:00,48,0.9,67,2,31,65
2023-02-18 21:00:00,66,1.3,88,2,9,89
2023-02-18 22:00:00,71,1.4,95,3,3,94
2023-02-18 23:00:00,82,1.1,82,2,3,89
2023-02-19 01:00:00,58,1.2,73,3,3,85
2023-02-19 02:00:00,20,0.4,37,2,55,34
2023-02-19 03:00:00,19,0.3,35,2,64,25
2023-02-19 04:00:00,17,0.3,30,2,63,26
2023-02-19 05:00:00,16,0.3,23,2,69,22
2023-02-19 06:00:00,9,0.2,27,2,79,17
2023-02-19 07:00:00,22,0.3,42,2,64,26
2023-02-19 08:00:00,33,0.4,41,2,40,43
2023-02-19 09:00:00,29,0.5,57,3,31,54
2023-02-19 10:00:00,36,0.5,56,2,26,62
2023-02-19 11:00:00,26,0.4,45,2,41,52
2023-02-19 12:00:00,17,0.4,37,2,47,48
2023-02-19 13:00:00,12,0.4,49,2,59,40
2023-02-19 14:00:00,21,0.4,50,2,64,38
2023-02-19 15:00:00,19,0.4,43,3,68,34
2023-02-19 16:00:00,31,0.4,47,3,66,36
2023-02-19 17:00:00,24,0.4,54,3,62,40
2023-02-19 18:00:00,35,0.4,61,2,56,44
2023-02-19 19:00:00,38,0.6,82,3,45,54
2023-02-19 20:00:00,42,0.6,74,2,32,65
2023-02-19 21:00:00,43,0.7,78,2,13,83
2023-02-19 22:00:00,42,0.8,79,3,5,94
2023-02-19 23:00:00,36,1,83,3,3,96
2023-02-20 00:00:00,46,0.8,74,2,2,92
2023-02-20 01:00:00,39,0.7,80,2,7,82
2023-02-20 02:00:00,43,0.5,70,3,25,56
2023-02-20 03:00:00,49,0.6,64,3,11,64
2023-02-20 04:00:00,39,0.6,69,4,10,64
2023-02-20 05:00:00,46,0.6,71,3,6,63
2023-02-20 06:00:00,52,0.5,72,1,8,60
2023-02-20 07:00:00,50,0.6,78,2,13,52
2023-02-20 08:00:00,52,0.7,64,2,6,57
2023-02-20 09:00:00,49,1.1,79,3,4,71
2023-02-20 10:00:00,60,1.1,116,4,4,74
2023-02-20 11:00:00,86,1.1,137,5,5,73
2023-02-20 12:00:00,79,1.1,128,8,5,72
2023-02-20 13:00:00,70,0.9,123,10,8,69
2023-02-20 14:00:00,67,0.8,102,9,10,67
2023-02-20 15:00:00,69,0.8,109,8,9,67
2023-02-20 16:00:00,72,0.8,107,10,13,63
2023-02-20 17:00:00,59,0.8,112,9,11,64
2023-02-20 18:00:00,76,0.8,117,8,9,68
2023-02-20 19:00:00,92,0.9,111,7,10,67
2023-02-20 20:00:00,95,1,124,7,2,73
2023-02-20 21:00:00,95,1,126,7,2,72
2023-02-20 22:00:00,98,1,124,6,2,71
2023-02-20 23:00:00,94,1.1,123,6,2,73
2023-02-21 00:00:00,97,1,126,7,3,67
2023-02-21 01:00:00,97,0.9,127,7,3,66
2023-02-21 02:00:00,97,0.9,132,8,3,64
2023-02-21 03:00:00,101,0.9,128,11,3,63
2023-02-21 04:00:00,97,0.9,129,12,2,62
2023-02-21 05:00:00,103,0.9,105,11,2,61
2023-02-21 06:00:00,103,0.9,123,9,2,60
2023-02-21 07:00:00,95,0.9,118,7,2,59
2023-02-21 08:00:00,88,1,112,6,2,56
2023-02-21 09:00:00,95,1,107,5,2,49
2023-02-21 10:00:00,73,0.9,84,4,4,40
2023-02-21 11:00:00,71,0.9,84,3,4,40
2023-02-21 12:00:00,63,0.9,,3,6,36
2023-02-21 16:00:00,17,0.7,22,2,13,33
2023-02-21 17:00:00,16,0.7,21,2,14,33
2023-02-21 18:00:00,13,0.7,,2,13,31
2023-02-21 19:00:00,14,0.7,14,1,10,34
2023-02-21 20:00:00,8,0.6,,2,26,22
2023-02-21 21:00:00,10,0.6,11,2,30,23
2023-02-21 22:00:00,9,0.6,,2,32,25
2023-02-21 23:00:00,14,0.6,,2,27,28
2023-02-22 00:00:00,11,0.6,,1,43,17
2023-02-22 01:00:00,2,0.6,2,1,38,17
2023-02-22 02:00:00,1,0.5,16,1,36,18
2023-02-22 03:00:00,4,0.5,8,1,42,14
2023-02-22 04:00:00,2,0.5,19,1,47,12
2023-02-22 05:00:00,11,0.5,18,1,45,12
2023-02-22 06:00:00,12,0.5,16,1,52,11
2023-02-22 07:00:00,9,0.5,24,1,48,14
2023-02-22 08:00:00,26,0.6,,2,38,21
2023-02-22 09:00:00,18,0.6,,2,39,22
2023-02-22 10:00:00,18,0.6,20,2,44,21
2023-02-22 11:00:00,16,0.6,24,2,43,24
2023-02-22 12:00:00,13,0.6,29,3,43,27
2023-02-22 13:00:00,16,0.6,32,3,44,29
2023-02-22 14:00:00,17,0.6,28,3,42,31
2023-02-22 15:00:00,15,0.6,25,3,45,32
2023-02-22 16:00:00,19,0.6,37,3,43,35
2023-02-22 17:00:00,27,0.6,44,3,41,39
2023-02-22 18:00:00,19,0.6,32,3,38,41
2023-02-22 19:00:00,33,0.6,46,3,35,45
2023-02-22 20:00:00,25,0.6,48,2,34,44
2023-02-22 21:00:00,21,0.6,28,2,28,46
2023-02-22 22:00:00,44,0.7,70,3,3,70
2023-02-22 23:00:00,29,0.8,48,3,2,68
2023-02-23 00:00:00,33,0.7,50,3,2,65
2023-02-23 01:00:00,36,0.8,47,3,2,63
2023-02-23 02:00:00,27,0.6,,3,17,48
2023-02-23 03:00:00,31,0.6,,2,24,39
2023-02-23 04:00:00,22,0.6,30,3,20,41
2023-02-23 05:00:00,33,0.7,33,2,4,57
2023-02-23 06:00:00,39,0.7,48,2,8,52
2023-02-23 07:00:00,46,0.7,,2,14,43
2023-02-23 08:00:00,41,0.7,47,3,10,46
2023-02-23 09:00:00,38,0.8,48,2,13,45
2023-02-23 10:00:00,37,0.8,40,3,23,40
2023-02-23 11:00:00,32,0.8,40,4,26,42
2023-02-23 12:00:00,13,0.8,20,4,45,31
2023-02-23 13:00:00,37,0.7,44,3,51,32
2023-02-23 14:00:00,36,0.6,41,3,64,27
2023-02-23 15:00:00,49,0.6,,3,64,31
2023-02-23 16:00:00,29,0.6,38,3,65,
2023-02-23 17:00:00,,,,,63,34
2023-02-23 18:00:00,,,,3,,41
2023-02-23 19:00:00,44,0.6,57,3,40,55
2023-02-23 20:00:00,56,0.7,74,3,17,78
2023-02-23 21:00:00,55,0.7,78,3,6,89
2023-02-23 22:00:00,57,0.7,74,3,2,90
2023-02-23 23:00:00,55,0.7,76,4,2,85
2023-02-24 01:00:00,39,0.7,53,4,2,76
2023-02-24 02:00:00,45,0.6,54,4,4,75
2023-02-24 03:00:00,49,0.6,54,3,4,72
2023-02-24 04:00:00,47,0.6,65,4,3,71
2023-02-24 05:00:00,49,0.6,54,4,4,69
2023-02-24 06:00:00,76,0.6,80,9,3,66
2023-02-24 07:00:00,75,0.6,92,8,2,64
2023-02-24 08:00:00,68,0.6,93,8,2,59
2023-02-24 09:00:00,69,0.9,82,8,6,58
2023-02-24 10:00:00,78,0.8,95,10,13,54
2023-02-24 11:00:00,47,0.8,77,9,24,50
2023-02-24 12:00:00,55,0.7,66,8,41,47
2023-02-24 13:00:00,48,0.6,63,7,67,39
2023-02-24 14:00:00,33,0.5,52,7,79,37
2023-02-24 15:00:00,28,0.5,61,6,91,32
2023-02-24 16:00:00,40,0.4,54,5,98,30
2023-02-24 17:00:00,45,0.4,62,4,110,24
2023-02-24 18:00:00,55,0.4,76,4,118,24
2023-02-24 19:00:00,54,0.5,69,4,106,30
2023-02-24 20:00:00,50,0.5,64,4,88,38
2023-02-24 21:00:00,48,0.6,72,4,63,55
2023-02-24 22:00:00,46,0.7,68,5,33,78
2023-02-24 23:00:00,45,0.6,76,5,54,58
2023-02-25 00:00:00,43,0.6,62,5,42,61
2023-02-25 01:00:00,54,0.6,70,6,44,51
2023-02-25 02:00:00,36,0.5,44,6,50,40
2023-02-25 03:00:00,26,0.5,49,5,54,33
2023-02-25 04:00:00,26,0.5,30,4,54,28
2023-02-25 05:00:00,40,0.5,41,5,48,29
2023-02-25 06:00:00,43,0.5,53,6,37,36
2023-02-25 07:00:00,39,0.5,46,9,33,39
2023-02-25 08:00:00,38,0.6,51,6,24,46
2023-02-25 09:00:00,28,0.7,52,5,20,54
2023-02-25 10:00:00,40,0.7,49,5,33,50
2023-02-25 11:00:00,17,0.6,34,7,62,33
2023-02-25 12:00:00,27,0.5,36,11,80,26
2023-02-25 13:00:00,28,0.6,42,9,82,29
2023-02-25 14:00:00,26,0.6,46,8,92,25
2023-02-25 15:00:00,29,0.5,34,5,114,19
2023-02-25 16:00:00,40,0.5,55,5,121,20
2023-02-25 17:00:00,59,0.5,64,5,122,22
2023-02-25 18:00:00,51,0.5,63,5,123,25
2023-02-25 19:00:00,56,0.6,75,5,106,36
2023-02-25 20:00:00,62,0.7,86,4,68,57
2023-02-25 21:00:00,66,0.7,99,5,69,48
2023-02-25 22:00:00,74,0.7,90,5,50,59
2023-02-25 23:00:00,80,0.8,90,6,23,79
2023-02-26 00:00:00,74,0.9,108,5,4,91
2023-02-26 01:00:00,75,1,110,5,3,87
2023-02-26 02:00:00,86,1,110,5,3,88
2023-02-26 03:00:00,80,1.1,112,5,2,82
2023-02-26 04:00:00,92,1,110,5,2,75
2023-02-26 05:00:00,88,0.8,120,5,2,66
2023-02-26 06:00:00,96,0.7,103,6,2,63
2023-02-26 07:00:00,78,0.8,100,7,2,62
2023-02-26 08:00:00,82,0.9,106,6,2,59
2023-02-26 09:00:00,84,1,107,6,5,60
2023-02-26 10:00:00,90,1.1,105,7,9,66
2023-02-26 11:00:00,64,1,96,9,18,71
2023-02-26 12:00:00,51,0.8,68,8,45,58
2023-02-26 13:00:00,45,0.6,60,7,68,43
2023-02-26 14:00:00,23,0.5,41,7,81,36
2023-02-26 15:00:00,21,0.5,45,6,101,23
2023-02-26 16:00:00,46,0.5,55,6,107,23
2023-02-26 17:00:00,28,0.5,51,6,114,21
2023-02-26 18:00:00,30,0.4,49,5,110,23
2023-02-26 19:00:00,30,0.5,49,4,96,29
2023-02-26 20:00:00,76,0.7,109,6,70,43
2023-02-26 21:00:00,92,0.8,113,8,60,45
2023-02-26 22:00:00,91,0.7,104,8,47,52
2023-02-26 23:00:00,78,0.7,99,8,37,58
2023-02-27 00:00:00,76,0.8,88,8,31,60
2023-02-27 01:00:00,64,0.7,93,9,36,52
2023-02-27 02:00:00,68,0.7,95,8,36,49
2023-02-27 03:00:00,81,0.7,86,8,32,49
2023-02-27 04:00:00,82,0.8,101,7,26,51
2023-02-27 05:00:00,86,0.8,103,7,22,51
2023-02-27 06:00:00,87,0.8,95,7,20,49
2023-02-27 07:00:00,88,0.8,102,8,15,53
2023-02-27 08:00:00,81,0.8,108,15,7,60
2023-02-27 09:00:00,83,0.9,112,15,8,63
2023-02-27 13:00:00,65,1,112,9,14,74
2023-02-27 14:00:00,76,0.8,114,9,28,72
2023-02-27 15:00:00,71,0.9,128,9,30,72
2023-02-27 16:00:00,78,0.8,108,8,38,61
2023-02-27 17:00:00,69,0.7,112,8,40,56
2023-02-27 18:00:00,62,0.7,93,7,46,48
2023-02-27 19:00:00,68,0.6,92,8,56,42
2023-02-27 20:00:00,72,0.6,87,8,53,43
2023-02-27 21:00:00,64,0.6,83,8,45,48
2023-02-27 22:00:00,64,0.6,78,6,38,51
2023-02-27 23:00:00,66,0.7,85,6,32,54
2023-02-28 00:00:00,66,0.7,95,8,32,51
2023-02-28 01:00:00,47,0.7,82,9,36,48
2023-02-28 02:00:00,58,0.6,80,9,36,46
2023-02-28 03:00:00,55,0.6,75,8,37,43
2023-02-28 04:00:00,59,0.7,76,6,22,52
2023-02-28 05:00:00,67,0.7,81,5,24,51
2023-02-28 06:00:00,57,0.6,70,4,50,35
2023-02-28 07:00:00,63,0.7,79,4,38,43
2023-02-28 08:00:00,69,0.8,84,4,12,66
2023-02-28 09:00:00,70,0.9,98,5,4,74
2023-02-28 10:00:00,62,1,104,6,7,77
2023-02-28 11:00:00,67,0.9,100,6,18,72
2023-02-28 12:00:00,67,1.1,108,6,16,79
2023-02-28 13:00:00,68,1.1,94,6,20,79
2023-02-28 14:00:00,49,0.8,84,5,46,53
2023-02-28 15:00:00,53,0.6,85,5,56,44
2023-02-28 16:00:00,51,0.6,76,5,58,42
2023-02-28 17:00:00,52,0.6,95,5,63,38
2023-02-28 18:00:00,50,0.6,92,5,65,38
2023-02-28 19:00:00,50,0.6,92,5,49,51
2023-02-28 20:00:00,63,0.7,96,5,35,59
2023-02-28 21:00:00,66,0.8,105,6,32,58
2023-02-28 22:00:00,58,0.8,102,6,25,66
2023-02-28 23:00:00,76,0.9,96,6,6,86
2023-03-01 00:00:00,66,1,119,6,2,84
2023-03-01 01:00:00,88,1,109,8,3,79
2023-03-01 03:00:00,72,0.8,95,9,26,52
2023-03-01 04:00:00,64,0.7,88,8,32,40
2023-03-01 05:00:00,64,0.7,83,7,29,42
2023-03-01 06:00:00,50,0.5,83,6,48,31
2023-03-01 08:00:00,44,0.6,83,4,42,42
2023-03-01 09:00:00,43,0.6,94,4,44,46
2023-03-01 10:00:00,42,0.8,85,4,30,59
2023-03-01 11:00:00,26,0.7,90,4,32,57
2023-03-01 12:00:00,17,0.6,66,5,56,39
2023-03-01 13:00:00,25,0.5,75,4,84,20
2023-03-01 14:00:00,17,0.4,82,4,92,18
2023-03-01 15:00:00,33,0.4,95,4,96,20
2023-03-01 16:00:00,37,0.4,109,4,102,20
2023-03-01 17:00:00,16,0.4,81,4,104,22
2023-03-01 18:00:00,47,0.4,102,4,100,28
2023-03-01 19:00:00,65,0.5,126,4,79,41
2023-03-01 20:00:00,53,0.5,102,4,79,37
2023-03-01 21:00:00,46,0.6,96,4,62,46
2023-03-01 22:00:00,48,0.6,96,4,55,45
2023-03-01 23:00:00,35,0.6,86,4,44,52
2023-03-02 00:00:00,52,0.6,88,5,37,53
2023-03-02 01:00:00,44,0.6,87,4,43,44
2023-03-02 02:00:00,36,0.5,82,4,34,48
2023-03-02 03:00:00,34,0.5,81,4,42,32
2023-03-02 04:00:00,33,0.5,81,4,37,34
2023-03-02 05:00:00,35,0.5,69,5,37,31
2023-03-02 06:00:00,44,0.6,93,5,27,44
2023-03-02 07:00:00,42,0.6,86,8,24,49
2023-03-02 08:00:00,42,0.6,90,7,24,47
2023-03-02 09:00:00,45,0.7,108,5,10,56
2023-03-02 10:00:00,43,0.8,123,5,8,
2023-03-02 11:00:00,,,,,12,56
2023-03-02 12:00:00,62,0.5,118,6,20,54
2023-03-02 13:00:00,47,0.5,118,5,28,52
2023-03-02 14:00:00,58,0.5,128,6,35,47
2023-03-02 15:00:00,55,0.4,115,6,39,46
2023-03-02 16:00:00,68,0.4,118,5,42,42
2023-03-02 17:00:00,63,0.4,119,5,46,34
2023-03-02 18:00:00,76,0.4,116,6,45,37
2023-03-02 19:00:00,95,0.4,127,6,40,39
2023-03-02 20:00:00,90,0.5,139,5,32,45
2023-03-02 21:00:00,85,0.4,118,6,33,45
2023-03-02 22:00:00,88,0.4,125,6,40,39
2023-03-03 00:00:00,90,0.5,130,4,9,56
2023-03-03 01:00:00,85,0.6,124,4,6,54
2023-03-03 02:00:00,80,0.5,117,4,9,52
2023-03-03 03:00:00,80,0.5,113,4,6,50
2023-03-03 04:00:00,86,0.5,107,4,7,46
2023-03-03 05:00:00,85,0.5,107,4,5,45
2023-03-03 06:00:00,94,0.5,114,3,5,42
2023-03-03 07:00:00,92,0.6,122,4,5,42
2023-03-03 08:00:00,90,0.7,126,4,4,46
2023-03-03 09:00:00,96,0.8,133,4,8,46
2023-03-03 10:00:00,95,0.7,134,5,25,42
2023-03-03 11:00:00,102,0.6,141,6,40,42
2023-03-03 12:00:00,79,0.6,141,6,56,44
2023-03-03 13:00:00,61,0.5,118,7,75,36
2023-03-03 14:00:00,46,0.3,72,5,104,20
2023-03-03 15:00:00,49,0.3,70,4,116,20
2023-03-03 16:00:00,47,0.3,74,3,120,20
2023-03-03 17:00:00,51,0.3,82,2,126,21
2023-03-03 18:00:00,60,0.3,88,4,126,24
2023-03-03 19:00:00,74,0.3,105,4,113,35
2023-03-03 20:00:00,73,0.4,110,4,91,50
2023-03-03 21:00:00,67,0.5,108,4,69,62
2023-03-03 22:00:00,65,0.5,92,4,59,66
2023-03-03 23:00:00,59,0.6,105,4,20,98
2023-03-04 00:00:00,62,0.5,103,4,36,79
2023-03-04 01:00:00,52,0.6,87,6,25,81
2023-03-04 02:00:00,59,0.5,89,9,,65
2023-03-04 03:00:00,47,0.4,83,11,43,55
2023-03-04 04:00:00,47,0.4,79,6,58,39
2023-03-04 05:00:00,44,0.4,77,6,56,35
2023-03-04 06:00:00,39,0.4,69,6,51,33
2023-03-04 07:00:00,55,0.5,77,8,56,28
2023-03-04 08:00:00,47,0.5,70,7,40,40
2023-03-04 09:00:00,60,0.6,102,7,26,61
2023-03-04 10:00:00,62,0.7,108,7,24,73
2023-03-04 11:00:00,50,0.8,91,7,40,68
2023-03-04 12:00:00,52,0.7,79,7,62,59
2023-03-04 13:00:00,40,0.6,80,6,84,50
2023-03-04 14:00:00,49,0.5,90,6,110,38
2023-03-04 15:00:00,49,0.4,84,5,128,29
2023-03-04 16:00:00,55,0.4,87,5,137,26
2023-03-04 17:00:00,62,0.3,86,4,147,21
2023-03-04 18:00:00,65,0.4,101,4,142,25
2023-03-04 19:00:00,67,0.4,99,4,131,32
2023-03-04 20:00:00,80,0.7,109,4,94,57
2023-03-04 21:00:00,88,0.8,132,4,44,95
2023-03-04 22:00:00,97,1,136,5,17,114
2023-03-04 23:00:00,84,0.8,134,6,9,117
2023-03-05 00:00:00,72,0.8,127,5,16,105
2023-03-05 01:00:00,80,0.7,123,5,22,92
2023-03-05 02:00:00,91,0.7,131,5,11,95
2023-03-05 03:00:00,81,0.6,112,5,19,80
2023-03-05 04:00:00,77,0.6,122,5,22,73
2023-03-05 05:00:00,82,0.7,121,5,5,80
2023-03-05 06:00:00,92,0.7,112,4,8,74
2023-03-05 07:00:00,85,0.8,110,4,4,73
2023-03-05 08:00:00,99,0.9,113,4,3,70
2023-03-05 09:00:00,84,1.1,123,5,6,70
2023-03-05 10:00:00,89,1.1,118,6,19,76
2023-03-05 11:00:00,88,0.8,101,8,57,59
2023-03-05 12:00:00,80,0.7,110,9,89,47
2023-03-05 13:00:00,88,0.5,117,10,120,33
2023-03-05 14:00:00,66,0.5,97,8,134,24
2023-03-05 15:00:00,50,0.4,72,6,152,14
2023-03-05 16:00:00,57,0.4,92,6,159,17
2023-03-05 17:00:00,76,0.4,91,5,157,16
2023-03-05 18:00:00,62,0.4,87,4,153,18
2023-03-05 19:00:00,42,0.4,66,5,132,20
2023-03-05 20:00:00,60,0.5,84,8,124,23
2023-03-05 21:00:00,46,0.5,78,7,96,37
2023-03-05 22:00:00,71,0.6,90,7,67,53
2023-03-05 23:00:00,50,0.6,70,6,55,58
2023-03-06 00:00:00,49,0.6,74,6,58,50
2023-03-06 01:00:00,60,0.6,78,5,46,52
2023-03-06 02:00:00,60,0.6,77,5,37,53
2023-03-06 03:00:00,66,0.5,77,4,50,38
2023-03-06 04:00:00,64,0.5,95,4,62,27
2023-03-06 05:00:00,68,0.5,102,4,61,27
2023-03-06 06:00:00,73,0.5,89,4,64,25
2023-03-06 07:00:00,65,0.5,72,4,78,22
2023-03-06 08:00:00,49,0.5,72,4,77,28
2023-03-06 09:00:00,47,0.6,70,4,67,40
2023-03-06 10:00:00,46,0.6,79,4,72,42
2023-03-06 11:00:00,72,0.8,90,4,48,59
2023-03-06 12:00:00,56,0.7,80,5,77,42
2023-03-06 13:00:00,41,0.6,63,6,102,31
2023-03-06 14:00:00,51,0.5,61,5,107,30
2023-03-06 15:00:00,34,0.4,54,3,125,20
2023-03-06 16:00:00,45,0.4,69,4,138,16
2023-03-06 17:00:00,38,0.4,56,4,143,14
2023-03-06 18:00:00,47,0.4,67,4,144,15
2023-03-06 19:00:00,61,0.5,71,4,129,23
2023-03-06 20:00:00,60,0.5,71,4,112,26
2023-03-06 21:00:00,50,0.5,82,4,93,32
2023-03-06 22:00:00,50,0.6,64,4,74,40
2023-03-06 23:00:00,56,0.6,67,4,63,40
2023-03-07 00:00:00,44,0.5,67,4,66,35
2023-03-07 01:00:00,48,0.5,54,4,55,41
2023-03-07 02:00:00,49,0.6,75,4,33,53
2023-03-07 03:00:00,48,0.5,64,4,48,42
2023-03-07 04:00:00,38,0.5,58,3,43,39
2023-03-07 05:00:00,58,0.6,,3,43,30
2023-03-07 06:00:00,47,0.6,,3,52,26
2023-03-07 07:00:00,51,0.6,66,4,36,33
2023-03-07 08:00:00,52,0.7,63,4,27,38
2023-03-07 09:00:00,52,0.8,71,4,15,50
2023-03-07 10:00:00,63,0.8,81,5,16,50
2023-03-07 11:00:00,52,0.8,96,4,22,47
2023-03-07 12:00:00,53,0.8,82,5,19,53
2023-03-07 13:00:00,59,0.7,86,4,,
2023-03-07 14:00:00,,0.7,,,46,48
2023-03-07 15:00:00,,,,,58,43
2023-03-07 16:00:00,,0.7,,4,69,40
2023-03-07 17:00:00,57,0.6,97,4,90,30
2023-03-07 18:00:00,49,0.5,82,4,100,25
2023-03-07 19:00:00,76,0.6,97,4,86,35
2023-03-07 20:00:00,84,0.6,94,4,62,44
2023-03-07 21:00:00,83,0.8,117,3,34,62
2023-03-07 22:00:00,97,1.1,134,4,6,87
2023-03-07 23:00:00,106,1,134,4,5,84
2023-03-08 00:00:00,107,0.9,133,4,18,63
2023-03-08 01:00:00,102,0.8,129,4,29,47
2023-03-08 02:00:00,107,0.8,138,4,25,46
2023-03-08 03:00:00,100,0.8,115,4,15,50
2023-03-08 04:00:00,102,0.7,119,4,,43
2023-03-08 05:00:00,103,0.7,122,4,15,38
2023-03-08 06:00:00,121,0.8,132,4,15,43
2023-03-08 07:00:00,115,0.8,131,4,16,45
2023-03-08 08:00:00,114,1,131,4,6,51
2023-03-08 09:00:00,123,1.1,142,5,12,51
2023-03-08 10:00:00,111,1,132,6,27,47
2023-03-08 11:00:00,87,0.9,99,6,44,44
2023-03-08 12:00:00,,0.7,,5,70,37
2023-03-08 13:00:00,87,0.7,99,5,89,33
2023-03-08 14:00:00,40,0.6,62,4,103,28
2023-03-08 16:00:00,27,0.4,42,4,128,16
2023-03-08 17:00:00,44,0.4,55,,135,
2023-03-08 18:00:00,42,0.4,48,4,133,18
2023-03-08 19:00:00,42,0.5,48,4,121,29
2023-03-08 20:00:00,,0.6,,4,96,44
2023-03-08 21:00:00,59,,88,,,
2023-03-08 22:00:00,72,1.2,110,4,9,120
2023-03-08 23:00:00,52,1.1,84,5,12,112
2023-03-09 00:00:00,48,1,79,4,16,107
2023-03-09 01:00:00,52,0.9,77,7,26,96
2023-03-09 02:00:00,71,0.7,84,7,61,61
2023-03-09 03:00:00,65,0.6,94,8,80,42
2023-03-09 04:00:00,76,0.7,86,6,62,48
2023-03-09 05:00:00,79,0.7,91,7,41,61
2023-03-09 06:00:00,85,0.7,106,7,53,48
2023-03-09 07:00:00,79,0.7,107,8,57,44
2023-03-09 08:00:00,89,0.8,106,14,43,55
2023-03-09 09:00:00,82,1.2,107,16,38,68
2023-03-09 10:00:00,74,0.9,91,13,57,54
2023-03-09 11:00:00,81,1.1,101,11,43,78
2023-03-09 12:00:00,56,1,88,10,63,67
2023-03-09 13:00:00,62,0.9,91,8,78,54
2023-03-09 14:00:00,42,0.7,56,6,83,43
2023-03-09 15:00:00,21,0.5,43,6,97,27
2023-03-09 16:00:00,35,0.5,44,6,110,21
2023-03-09 17:00:00,22,0.4,34,6,119,14
2023-03-09 20:00:00,52,0.6,62,6,107,27
2023-03-09 21:00:00,56,0.6,68,5,106,27
2023-03-09 22:00:00,51,0.7,76,5,89,40
2023-03-09 23:00:00,50,0.7,74,5,78,50
2023-03-10 00:00:00,67,0.7,89,5,77,46
2023-03-10 02:00:00,64,0.7,86,5,65,36
2023-03-10 03:00:00,80,0.6,83,6,57,38
2023-03-10 04:00:00,42,0.5,54,5,85,12
2023-03-10 05:00:00,45,0.5,,4,86,12
2023-03-10 06:00:00,42,0.4,,4,82,15
2023-03-10 07:00:00,38,0.4,46,5,78,16
2023-03-10 08:00:00,57,0.5,,6,58,27
2023-03-10 09:00:00,51,0.5,56,6,56,33
2023-03-10 10:00:00,28,0.6,46,6,49,42
2023-03-10 11:00:00,9,0.6,44,6,66,38
2023-03-10 12:00:00,25,0.5,47,5,90,29
2023-03-10 13:00:00,35,0.5,63,5,87,28
2023-03-10 14:00:00,16,0.4,31,5,104,17
2023-03-10 16:00:00,27,0.3,,4,122,9
2023-03-10 19:00:00,35,0.4,39,4,117,18
2023-03-10 20:00:00,25,0.4,45,4,105,22
2023-03-10 21:00:00,36,0.5,69,4,89,27
2023-03-10 22:00:00,39,0.6,57,4,54,45
2023-03-10 23:00:00,36,0.7,65,5,28,67
2023-03-11 00:00:00,32,0.7,54,4,25,69
2023-03-11 01:00:00,40,0.6,65,5,30,62
2023-03-11 02:00:00,49,0.6,74,5,34,52
2023-03-11 03:00:00,51,0.7,85,5,8,67
2023-03-11 04:00:00,55,0.7,82,7,6,64
2023-03-11 05:00:00,73,0.7,,8,6,62
2023-03-11 06:00:00,62,0.7,70,8,2,65
2023-03-11 07:00:00,60,0.9,72,7,3,60
2023-03-11 08:00:00,49,0.8,74,6,3,66
2023-03-11 09:00:00,48,1,69,6,7,62
2023-03-11 10:00:00,52,1,81,6,18,67
2023-03-11 11:00:00,52,,99,7,36,69
2023-03-11 12:00:00,63,,100,7,69,62
2023-03-11 13:00:00,48,0.6,65,5,105,43
2023-03-11 14:00:00,41,0.6,74,5,127,36
2023-03-11 15:00:00,48,0.5,77,5,149,29
2023-03-11 16:00:00,36,,64,4,161,16
2023-03-11 17:00:00,47,,66,4,154,15
2023-03-11 18:00:00,30,0.4,59,,136,19
2023-03-11 19:00:00,42,0.5,57,,123,24
2023-03-11 20:00:00,45,0.5,71,,122,26
2023-03-11 21:00:00,120,0.4,342,3,86,
2023-03-11 22:00:00,87,0.3,222,3,68,
2023-03-11 23:00:00,42,0.3,96,4,71,
2023-03-12 00:00:00,17,0.2,42,3,76,10
2023-03-12 01:00:00,5,0.2,42,3,80,7
2023-03-12 02:00:00,14,0.2,37,3,82,6
2023-03-12 03:00:00,23,0.2,41,3,80,8
2023-03-12 04:00:00,10,0.2,27,3,75,9
2023-03-12 05:00:00,3,0.2,23,3,64,14
2023-03-12 06:00:00,2,0.2,42,3,74,12
2023-03-12 07:00:00,12,0.2,56,3,84,10
2023-03-12 08:00:00,10,0.2,50,3,76,17
2023-03-12 09:00:00,18,0.3,50,3,71,20
2023-03-12 10:00:00,19,0.4,50,3,51,32
2023-03-12 11:00:00,21,0.3,41,3,64,21
2023-03-12 12:00:00,9,0.3,50,3,63,24
2023-03-12 13:00:00,2,0.3,54,3,71,21
2023-03-12 14:00:00,10,0.3,50,4,72,19
2023-03-12 15:00:00,8,0.3,59,4,77,17
2023-03-12 16:00:00,15,0.3,52,4,85,14
2023-03-12 17:00:00,30,0.3,62,4,83,16
2023-03-12 18:00:00,28,0.3,61,4,80,17
2023-03-12 19:00:00,37,0.3,66,5,,20
2023-03-12 20:00:00,26,0.3,66,4,,21
2023-03-12 21:00:00,20,0.4,54,5,60,
2023-03-12 22:00:00,16,0.4,57,4,55,26
2023-03-12 23:00:00,30,0.4,57,4,49,28
2023-03-13 00:00:00,19,0.3,47,4,47,29
2023-03-13 01:00:00,11,0.3,52,5,54,23
2023-03-13 02:00:00,26,0.3,45,7,53,21
2023-03-13 03:00:00,18,0.4,51,8,39,29
2023-03-13 04:00:00,27,0.4,37,9,37,26
2023-03-13 05:00:00,25,0.4,56,10,35,25
2023-03-13 06:00:00,31,0.4,41,8,46,18
2023-03-13 07:00:00,33,0.4,40,7,27,32
2023-03-13 08:00:00,18,0.5,35,6,21,37
2023-03-13 09:00:00,14,0.5,47,6,32,30
2023-03-13 10:00:00,28,0.5,45,6,46,26
2023-03-13 11:00:00,2,0.5,34,6,48,26
2023-03-13 12:00:00,4,0.4,26,5,68,17
2023-03-13 13:00:00,2,0.3,22,4,82,12
2023-03-13 14:00:00,2,0.3,31,4,89,11
2023-03-13 15:00:00,2,0.3,21,3,100,11
2023-03-13 16:00:00,11,0.3,29,3,107,11
2023-03-13 17:00:00,12,0.3,37,4,108,12
2023-03-13 18:00:00,12,0.3,25,4,107,14
2023-03-13 19:00:00,29,0.4,49,4,101,18
2023-03-13 20:00:00,36,0.5,63,4,71,39
2023-03-13 21:00:00,33,0.7,62,4,46,58
2023-03-13 22:00:00,31,0.7,63,5,30,73
2023-03-13 23:00:00,28,0.8,73,5,9,91
2023-03-14 00:00:00,32,0.9,75,5,4,96
2023-03-14 01:00:00,47,0.9,96,5,3,90
2023-03-14 02:00:00,45,0.7,81,4,,84
2023-03-14 03:00:00,47,0.6,70,5,6,74
2023-03-14 04:00:00,62,0.6,92,6,6,68
2023-03-14 05:00:00,72,0.6,113,8,11,60
2023-03-14 06:00:00,57,0.6,83,7,19,51
2023-03-14 07:00:00,63,0.6,86,7,15,53
2023-03-14 08:00:00,43,0.5,77,7,26,48
2023-03-14 09:00:00,34,0.6,70,8,36,44
2023-03-14 10:00:00,32,0.7,66,8,48,42
2023-03-14 11:00:00,17,0.6,48,7,79,28
2023-03-14 12:00:00,39,0.5,72,8,86,29
2023-03-14 13:00:00,36,0.5,61,8,99,25
2023-03-14 14:00:00,42,0.5,82,6,106,21
2023-03-14 15:00:00,34,0.5,59,6,118,20
2023-03-14 16:00:00,57,0.5,72,5,125,20
2023-03-14 17:00:00,27,0.5,59,5,128,19
2023-03-14 18:00:00,,,,4,,23
2023-03-14 19:00:00,72,0.4,93,,119,29
2023-03-14 20:00:00,69,0.5,102,4,98,42
2023-03-14 21:00:00,70,0.5,100,4,78,51
2023-03-14 22:00:00,69,0.7,103,4,40,79
2023-03-14 23:00:00,69,0.8,110,4,8,107
2023-03-15 00:00:00,68,1,115,4,4,107
2023-03-15 01:00:00,57,1,111,5,3,94
2023-03-15 02:00:00,60,0.9,98,4,3,89
2023-03-15 03:00:00,80,0.9,96,5,3,83
2023-03-15 04:00:00,66,0.9,101,4,3,77
2023-03-15 05:00:00,73,1,94,5,2,66
2023-03-15 06:00:00,72,0.8,93,5,2,66
2023-03-15 07:00:00,88,0.8,109,5,3,61
2023-03-15 08:00:00,87,1,113,7,5,62
2023-03-15 09:00:00,84,1.1,128,8,6,62
2023-03-15 10:00:00,93,1.1,135,8,9,70
2023-03-15 11:00:00,92,1,113,10,28,74
2023-03-15 12:00:00,69,0.9,108,9,53,72
2023-03-15 13:00:00,72,0.7,98,8,68,64
2023-03-15 14:00:00,64,0.5,92,8,101,42
2023-03-15 15:00:00,45,0.4,76,8,113,30
2023-03-15 16:00:00,36,0.4,60,5,117,24
2023-03-15 17:00:00,52,0.4,84,5,114,29
2023-03-15 18:00:00,33,0.5,74,5,105,34
2023-03-15 19:00:00,36,0.4,79,4,98,40
2023-03-15 20:00:00,61,0.6,88,4,67,57
2023-03-15 21:00:00,57,0.8,106,4,38,81
2023-03-15 22:00:00,70,1,123,5,13,102
2023-03-15 23:00:00,69,1.3,120,5,3,106
2023-03-16 00:00:00,78,1.3,129,6,3,109
2023-03-16 01:00:00,82,1.2,134,5,3,110
2023-03-16 02:00:00,83,1,136,6,,105
2023-03-16 03:00:00,90,0.8,154,7,3,95
2023-03-16 04:00:00,99,0.8,172,11,4,89
2023-03-16 05:00:00,86,0.7,154,16,7,77
2023-03-16 06:00:00,77,0.6,123,9,12,57
2023-03-16 07:00:00,67,0.5,94,6,45,33
2023-03-16 08:00:00,40,0.4,47,4,70,22
2023-03-16 09:00:00,21,0.4,48,4,80,19
2023-03-16 10:00:00,12,0.4,30,4,81,19
2023-03-16 11:00:00,2,0.4,33,4,81,21
2023-03-16 12:00:00,2,0.4,17,4,89,19
2023-03-16 13:00:00,12,0.4,27,4,89,23
2023-03-16 14:00:00,3,0.4,27,4,99,22
2023-03-16 15:00:00,19,0.4,36,4,108,23
2023-03-16 16:00:00,16,0.4,50,4,119,23
2023-03-16 17:00:00,10,0.4,46,4,125,23
2023-03-16 18:00:00,41,0.4,62,4,116,35
2023-03-16 19:00:00,38,0.5,71,5,107,40
2023-03-16 20:00:00,26,0.5,63,4,88,46
2023-03-16 21:00:00,41,0.6,76,4,67,55
2023-03-16 22:00:00,34,0.5,64,4,67,48
2023-03-16 23:00:00,31,0.6,56,4,42,63
2023-03-17 00:00:00,43,0.6,73,5,30,71
2023-03-17 01:00:00,33,0.6,69,4,32,66
2023-03-17 02:00:00,22,0.5,47,4,60,37
2023-03-17 03:00:00,8,0.4,26,4,84,16
2023-03-17 04:00:00,12,0.4,18,4,84,15
2023-03-17 05:00:00,16,0.4,21,4,88,14
2023-03-17 06:00:00,14,0.4,,4,88,12
2023-03-17 07:00:00,3,0.4,14,4,78,17
2023-03-17 08:00:00,23,0.4,27,4,71,21
2023-03-17 09:00:00,12,0.4,16,4,68,24
2023-03-17 10:00:00,8,0.4,33,4,68,23
2023-03-17 11:00:00,19,0.4,21,4,70,23
2023-03-17 12:00:00,13,0.5,36,4,63,30
2023-03-17 13:00:00,7,0.5,31,4,71,27
2023-03-17 14:00:00,11,0.5,35,5,71,30
2023-03-17 15:00:00,20,0.4,41,5,78,28
2023-03-17 16:00:00,22,0.4,35,4,87,27
2023-03-17 17:00:00,23,0.4,49,4,88,29
2023-03-17 18:00:00,35,0.4,53,4,87,32
2023-03-17 19:00:00,28,0.5,58,4,73,40
2023-03-17 20:00:00,44,0.5,63,5,72,37
2023-03-17 21:00:00,35,0.5,62,4,64,36
2023-03-17 22:00:00,44,0.5,60,5,70,32
2023-03-17 23:00:00,30,0.5,59,4,61,37
2023-03-18 00:00:00,46,0.5,62,7,56,38
2023-03-18 01:00:00,37,0.5,56,8,58,34
2023-03-18 02:00:00,37,0.5,59,6,,31
2023-03-18 03:00:00,33,0.5,50,5,72,24
2023-03-18 04:00:00,27,0.4,41,4,76,19
2023-03-18 05:00:00,25,0.4,43,3,86,13
2023-03-18 06:00:00,20,0.4,38,4,88,12
2023-03-18 07:00:00,23,0.4,,4,88,13
2023-03-18 08:00:00,17,0.4,32,4,83,16
2023-03-18 09:00:00,29,0.5,37,4,78,22
2023-03-18 10:00:00,31,0.5,47,4,66,29
2023-03-18 11:00:00,17,0.6,50,4,57,34
2023-03-18 12:00:00,8,0.5,15,4,81,22
2023-03-18 13:00:00,2,0.5,20,4,91,18
2023-03-18 14:00:00,6,0.5,17,4,99,18
2023-03-18 15:00:00,11,0.5,30,4,102,20
2023-03-18 16:00:00,19,0.5,30,4,100,23
2023-03-18 17:00:00,10,0.5,34,3,97,25
2023-03-18 18:00:00,20,0.5,39,4,96,25
2023-03-18 19:00:00,20,0.5,49,4,81,35
2023-03-18 20:00:00,19,0.6,43,4,59,48
2023-03-18 21:00:00,40,0.7,56,4,44,57
2023-03-18 22:00:00,44,0.7,82,4,42,56
2023-03-18 23:00:00,50,0.7,98,4,18,73
2023-03-19 00:00:00,51,0.8,85,4,20,69
2023-03-19 01:00:00,58,0.8,76,4,17,66
2023-03-19 02:00:00,57,0.7,74,4,37,47
2023-03-19 03:00:00,52,0.6,65,4,46,37
2023-03-19 04:00:00,51,0.5,58,3,63,24
2023-03-19 05:00:00,44,0.5,60,4,63,17
2023-03-19 06:00:00,56,0.5,,4,59,21
2023-03-19 07:00:00,58,0.5,61,3,54,22
2023-03-19 08:00:00,52,0.6,70,3,54,22
2023-03-19 09:00:00,45,0.6,72,3,55,25
2023-03-19 10:00:00,38,0.6,53,4,56,28
2023-03-19 11:00:00,42,0.7,59,3,42,38
2023-03-19 12:00:00,52,0.7,57,4,49,38
2023-03-19 13:00:00,58,0.7,68,3,44,40
2023-03-19 14:00:00,36,0.7,54,4,52,36
2023-03-19 15:00:00,40,0.6,77,4,74,35
2023-03-19 16:00:00,69,0.6,94,4,70,41
2023-03-19 17:00:00,71,0.6,96,3,53,44
2023-03-19 18:00:00,72,0.6,82,4,48,40
2023-03-19 19:00:00,60,0.6,64,3,62,25
2023-03-19 20:00:00,59,0.7,64,4,45,32
2023-03-19 21:00:00,53,0.7,64,4,32,39
2023-03-19 22:00:00,59,0.7,65,4,30,42
2023-03-19 23:00:00,49,0.6,52,4,26,47
2023-03-20 00:00:00,45,0.6,60,4,20,48
2023-03-20 01:00:00,51,0.6,57,3,10,41
2023-03-20 02:00:00,54,0.6,54,3,9,35
2023-03-20 03:00:00,35,0.6,51,3,12,31
2023-03-20 04:00:00,40,0.6,,3,13,28
2023-03-20 05:00:00,22,0.6,30,3,14,26
2023-03-20 06:00:00,34,0.6,42,3,17,25
2023-03-20 07:00:00,43,0.6,47,4,34,20
2023-03-20 08:00:00,56,0.6,62,4,22,28
2023-03-20 09:00:00,54,0.8,60,3,13,34
2023-03-20 10:00:00,44,0.8,53,4,12,36
2023-03-20 11:00:00,65,0.7,79,4,14,36
2023-03-20 12:00:00,39,0.7,54,4,16,32
2023-03-20 13:00:00,19,0.6,19,4,20,30
2023-03-20 14:00:00,,,21,,,
2023-03-20 15:00:00,,,28,,,
2023-03-20 16:00:00,,,31,,,
2023-03-20 17:00:00,,,38,,,
2023-03-20 18:00:00,16,0.5,55,5,66,28
2023-03-20 19:00:00,32,0.4,57,4,72,30
2023-03-20 20:00:00,35,0.4,42,4,70,24
2023-03-20 21:00:00,24,0.5,46,4,46,36
2023-03-20 22:00:00,38,0.8,40,4,23,53
2023-03-20 23:00:00,32,0.9,50,4,7,66
2023-03-21 00:00:00,43,0.8,75,4,4,61
2023-03-21 01:00:00,57,0.8,57,4,7,49
2023-03-21 02:00:00,41,0.7,48,4,10,42
2023-03-21 03:00:00,32,0.6,47,4,11,38
2023-03-21 04:00:00,35,0.7,44,4,5,39
2023-03-21 05:00:00,31,0.7,42,4,2,41
2023-03-21 06:00:00,36,0.7,37,4,3,40
2023-03-21 07:00:00,23,0.9,46,4,3,42
2023-03-21 08:00:00,39,1.1,62,4,4,45
2023-03-21 09:00:00,34,1.3,60,5,6,49
2023-03-21 10:00:00,38,1.1,57,5,20,56
2023-03-21 11:00:00,36,0.8,42,5,58,50
2023-03-21 12:00:00,44,0.7,63,5,76,43
2023-03-21 13:00:00,46,0.7,56,4,,41
2023-03-21 14:00:00,60,0.6,70,5,99,35
2023-03-21 15:00:00,41,0.6,60,5,101,
2023-03-21 16:00:00,,,,,109,28
2023-03-21 17:00:00,55,0.7,76,4,101,42
2023-03-21 18:00:00,65,0.8,98,4,,44
2023-03-21 19:00:00,75,0.8,105,4,99,51
2023-03-21 20:00:00,81,0.9,119,4,82,58
2023-03-21 21:00:00,87,0.9,111,4,72,55
2023-03-21 22:00:00,74,0.8,101,4,62,58
2023-03-21 23:00:00,74,0.9,111,4,40,75
2023-03-22 00:00:00,95,0.8,108,5,52,61
2023-03-22 01:00:00,91,0.8,96,4,44,63
2023-03-22 02:00:00,76,0.9,105,5,,56
2023-03-22 03:00:00,48,0.8,65,5,62,29
2023-03-22 04:00:00,48,0.8,53,6,66,21
2023-03-22 05:00:00,32,0.7,32,4,85,15
2023-03-22 06:00:00,29,0.6,,2,86,14
2023-03-22 07:00:00,34,0.7,34,4,74,17
2023-03-22 08:00:00,28,0.7,55,5,52,26
2023-03-22 09:00:00,49,0.6,64,4,56,25
2023-03-22 10:00:00,25,0.5,52,4,74,20
2023-03-22 11:00:00,20,0.4,35,4,83,17
2023-03-22 12:00:00,25,0.4,64,3,90,12
2023-03-22 13:00:00,34,0.4,104,4,92,11
2023-03-22 14:00:00,45,0.4,97,4,94,11
2023-03-22 15:00:00,61,0.4,108,3,92,12
2023-03-22 16:00:00,62,0.4,110,3,90,13
2023-03-22 17:00:00,62,0.4,115,3,86,15
2023-03-22 18:00:00,48,0.4,96,4,78,19
2023-03-22 19:00:00,54,0.4,79,3,78,18
2023-03-22 20:00:00,32,0.4,76,3,80,16
2023-03-22 21:00:00,33,0.4,60,2,78,16
2023-03-22 22:00:00,25,0.4,68,3,73,18
2023-03-22 23:00:00,10,0.4,44,2,77,15
2023-03-23 00:00:00,26,0.4,52,2,72,16
2023-03-23 01:00:00,34,0.4,54,2,61,19
2023-03-23 02:00:00,24,0.4,59,2,60,17
2023-03-23 03:00:00,31,0.4,49,3,63,16
2023-03-23 04:00:00,31,0.4,54,3,56,17
2023-03-23 05:00:00,31,0.4,62,4,58,15
2023-03-23 06:00:00,26,0.4,56,3,58,16
2023-03-23 07:00:00,30,0.4,43,3,54,21
2023-03-23 08:00:00,26,0.4,49,3,48,25
2023-03-23 09:00:00,33,0.5,57,3,42,29
2023-03-23 10:00:00,22,0.5,48,3,42,30
2023-03-23 11:00:00,25,0.5,41,4,48,27
2023-03-23 12:00:00,25,0.5,38,3,46,29
2023-03-23 13:00:00,12,0.5,22,3,57,24
2023-03-23 14:00:00,7,0.5,29,2,59,24
2023-03-23 15:00:00,8,0.5,28,2,64,22
2023-03-23 16:00:00,12,0.4,20,2,72,17
2023-03-23 17:00:00,6,0.4,19,2,70,20
2023-03-23 18:00:00,12,0.4,18,3,73,16
2023-03-23 19:00:00,20,0.4,,2,71,18
2023-03-23 20:00:00,13,0.4,18,3,72,17
2023-03-23 21:00:00,20,0.4,30,2,68,18
2023-03-23 22:00:00,20,0.5,26,2,41,35
2023-03-23 23:00:00,13,0.5,22,3,34,41
2023-03-24 00:00:00,2,0.5,12,4,37,38
2023-03-24 01:00:00,6,0.5,7,4,37,38
2023-03-24 02:00:00,3,0.5,17,4,42,30
2023-03-24 03:00:00,11,0.5,15,4,29,37
2023-03-24 04:00:00,9,0.5,16,4,33,33
2023-03-24 05:00:00,19,0.5,37,4,34,30
2023-03-24 06:00:00,15,0.5,29,3,26,38
2023-03-24 07:00:00,16,0.5,21,2,10,48
2023-03-24 08:00:00,15,0.6,18,4,15,43
2023-03-24 09:00:00,18,0.6,20,2,36,32
2023-03-24 10:00:00,13,0.6,23,4,39,35
2023-03-24 11:00:00,22,0.6,24,4,46,32
2023-03-24 12:00:00,8,0.5,32,4,61,24
2023-03-24 13:00:00,18,0.5,19,4,64,25
2023-03-24 14:00:00,16,0.5,23,4,74,24
2023-03-24 15:00:00,24,0.5,,3,80,24
2023-03-24 16:00:00,4,0.5,22,2,89,21
2023-03-24 17:00:00,25,0.5,38,2,92,23
2023-03-24 18:00:00,39,0.5,45,2,83,31
2023-03-24 19:00:00,27,0.5,47,2,78,37
2023-03-24 20:00:00,24,0.6,47,3,72,36
2023-03-24 21:00:00,25,0.6,52,4,57,39
2023-03-24 22:00:00,40,0.6,65,4,28,54
2023-03-24 23:00:00,42,0.7,72,4,23,55
2023-03-25 00:00:00,16,0.6,31,4,38,33
2023-03-25 01:00:00,10,0.6,22,3,45,21
2023-03-25 02:00:00,2,0.6,20,3,46,16
2023-03-25 03:00:00,8,0.6,15,2,51,14
2023-03-25 04:00:00,8,0.5,14,2,46,15
2023-03-25 05:00:00,11,0.5,20,3,46,16
2023-03-25 06:00:00,19,0.5,24,3,45,16
2023-03-25 07:00:00,20,0.6,24,3,30,23
2023-03-25 08:00:00,25,0.6,34,3,27,24
2023-03-25 09:00:00,18,0.6,25,1,37,23
2023-03-25 10:00:00,15,0.6,27,1,41,24
2023-03-25 11:00:00,10,0.6,15,1,48,22
2023-03-25 12:00:00,1,0.6,28,1,48,26
2023-03-25 13:00:00,15,0.6,38,1,56,26
2023-03-25 14:00:00,16,0.6,34,3,72,24
2023-03-25 15:00:00,8,0.5,24,3,78,20
2023-03-25 16:00:00,4,0.5,30,3,85,17
2023-03-25 17:00:00,16,0.5,42,3,90,19
2023-03-25 18:00:00,26,0.5,51,3,96,22
2023-03-25 19:00:00,44,0.5,67,3,92,28
2023-03-25 20:00:00,33,0.6,61,1,75,36
2023-03-25 21:00:00,33,0.7,72,3,41,65
2023-03-25 22:00:00,40,0.8,78,3,22,79
2023-03-25 23:00:00,38,1.1,86,1,5,87
2023-03-26 00:00:00,43,1,81,1,4,91
2023-03-26 01:00:00,6,0.6,33,3,44,39
2023-03-26 02:00:00,16,0.6,28,3,57,21
2023-03-26 03:00:00,13,0.6,23,3,58,17
2023-03-26 04:00:00,15,0.6,20,1,54,17
2023-03-26 05:00:00,10,0.6,29,1,54,15
2023-03-26 06:00:00,21,0.6,29,2,52,16
2023-03-26 07:00:00,20,0.6,32,1,38,22
2023-03-26 08:00:00,9,0.6,33,1,35,23
2023-03-26 09:00:00,18,0.7,37,1,24,34
2023-03-26 10:00:00,25,0.7,36,1,28,29
2023-03-26 11:00:00,28,0.7,46,3,20,32
2023-03-26 12:00:00,18,0.7,36,4,28,30
2023-03-26 13:00:00,5,0.7,23,4,46,22
2023-03-26 14:00:00,20,0.7,25,3,51,20
2023-03-26 15:00:00,21,0.7,36,3,48,24
2023-03-26 16:00:00,24,0.7,26,2,56,21
2023-03-26 17:00:00,18,0.6,29,3,57,21
2023-03-26 18:00:00,25,0.7,36,3,46,28
2023-03-26 19:00:00,22,0.7,41,3,38,32
2023-03-26 20:00:00,30,0.7,37,3,40,33
2023-03-26 21:00:00,22,0.8,53,4,32,37
2023-03-26 22:00:00,32,0.8,40,3,15,50
2023-03-26 23:00:00,36,0.8,44,2,10,51
2023-03-27 00:00:00,32,0.7,32,2,28,32
2023-03-27 01:00:00,21,0.6,,1,46,21
2023-03-27 02:00:00,7,0.6,25,1,48,21
2023-03-27 03:00:00,23,0.5,,2,59,18
2023-03-27 04:00:00,14,0.5,28,2,54,22
2023-03-27 05:00:00,4,0.5,24,2,57,17
2023-03-27 06:00:00,11,0.5,13,1,56,18
2023-03-27 07:00:00,9,0.6,19,2,55,20
2023-03-27 08:00:00,16,0.6,18,1,28,43
2023-03-27 09:00:00,13,0.8,18,1,29,46
2023-03-27 10:00:00,8,0.8,27,2,34,40
2023-03-27 11:00:00,3,0.7,12,2,47,33
2023-03-27 12:00:00,4,0.7,12,2,67,27
2023-03-27 13:00:00,12,0.5,16,2,87,20
2023-03-27 14:00:00,14,0.6,39,2,82,26
2023-03-27 15:00:00,3,0.6,14,2,89,23
2023-03-27 16:00:00,32,0.5,48,3,90,21
2023-03-27 17:00:00,13,0.5,22,1,82,19
2023-03-27 18:00:00,10,0.6,34,2,76,24
2023-03-27 19:00:00,20,0.6,27,3,68,27
2023-03-27 20:00:00,21,0.7,35,3,60,31
2023-03-27 21:00:00,6,0.6,32,3,68,22
2023-03-27 22:00:00,14,0.6,25,2,60,27
2023-03-27 23:00:00,27,0.7,40,1,29,49
2023-03-28 00:00:00,28,0.7,33,3,39,37
2023-03-28 01:00:00,12,0.6,26,3,54,26
2023-03-28 02:00:00,14,0.6,40,3,54,25
2023-03-28 03:00:00,12,0.6,32,3,49,27
2023-03-28 04:00:00,26,0.6,29,3,49,26
2023-03-28 05:00:00,38,0.6,,2,36,29
2023-03-28 06:00:00,24,0.6,26,1,38,27
2023-03-28 07:00:00,32,0.7,42,3,30,30
2023-03-28 08:00:00,30,0.7,46,3,19,38
2023-03-28 09:00:00,43,0.8,56,3,12,44
2023-03-28 10:00:00,42,0.9,60,3,20,41
2023-03-28 11:00:00,34,0.8,57,1,34,37
2023-03-28 12:00:00,36,0.8,67,1,36,42
2023-03-28 13:00:00,35,0.8,63,3,45,40
2023-03-28 14:00:00,25,0.7,51,3,54,38
2023-03-28 15:00:00,50,0.7,62,3,53,44
2023-03-28 16:00:00,53,0.8,69,3,39,54
2023-03-28 17:00:00,54,0.8,70,1,46,51
2023-03-28 18:00:00,55,0.8,83,1,37,
2023-03-28 19:00:00,,0.6,,,39,
2023-03-28 20:00:00,64,0.6,94,1,30,59
2023-03-28 21:00:00,71,0.5,85,1,41,44
2023-03-28 22:00:00,47,0.5,73,3,31,46
2023-03-28 23:00:00,37,0.4,59,3,39,38
2023-03-29 00:00:00,36,0.4,59,3,30,42
2023-03-29 01:00:00,26,0.5,53,3,25,40
2023-03-29 02:00:00,37,0.5,56,3,19,41
2023-03-29 03:00:00,31,0.4,53,3,16,40
2023-03-29 04:00:00,45,0.4,49,3,9,42
2023-03-29 05:00:00,45,0.5,53,3,3,40
2023-03-29 06:00:00,49,0.5,57,3,4,40
2023-03-29 07:00:00,45,0.6,48,3,4,38
2023-03-29 08:00:00,44,0.6,63,1,5,36
2023-03-29 09:00:00,33,0.6,44,1,15,35
2023-03-29 10:00:00,9,0.5,36,1,51,24
2023-03-29 11:00:00,12,0.5,30,1,67,22
2023-03-29 12:00:00,28,0.4,43,3,84,18
2023-03-29 13:00:00,10,0.4,40,3,97,14
2023-03-29 14:00:00,8,0.3,35,3,110,9
2023-03-29 15:00:00,15,0.3,34,3,113,8
2023-03-29 16:00:00,40,0.3,49,3,122,8
2023-03-29 17:00:00,23,0.3,51,3,120,8
2023-03-29 18:00:00,26,0.3,45,3,107,9
2023-03-29 19:00:00,26,0.3,45,3,92,20
2023-03-29 20:00:00,18,0.4,46,3,81,27
2023-03-29 21:00:00,30,0.4,42,3,73,29
2023-03-29 22:00:00,36,0.5,51,3,48,48
2023-03-29 23:00:00,44,0.6,65,1,21,77
2023-03-30 00:00:00,40,0.7,72,4,10,95
2023-03-30 01:00:00,49,0.8,75,2,3,95
2023-03-30 02:00:00,38,0.7,72,1,,88
2023-03-30 03:00:00,25,0.6,47,3,13,68
2023-03-30 04:00:00,25,0.5,48,3,21,56
2023-03-30 05:00:00,30,0.5,56,1,13,61
2023-03-30 06:00:00,49,0.5,72,3,34,41
2023-03-30 07:00:00,54,0.5,82,4,36,41
2023-03-30 08:00:00,54,0.6,66,5,28,45
2023-03-30 09:00:00,25,0.6,60,3,44,36
2023-03-30 10:00:00,32,0.6,45,4,75,23
2023-03-30 11:00:00,34,0.5,52,4,83,22
2023-03-30 12:00:00,38,0.5,49,3,88,23
2023-03-30 13:00:00,51,0.5,81,2,82,30
2023-03-30 14:00:00,16,0.4,37,2,91,25
2023-03-30 15:00:00,42,0.4,65,2,108,19
2023-03-30 16:00:00,46,0.4,82,2,98,22
2023-03-30 17:00:00,47,0.5,87,2,78,28
2023-03-30 18:00:00,50,0.5,95,4,65,28
2023-03-30 19:00:00,60,0.5,83,2,71,28
2023-03-30 20:00:00,64,0.5,78,2,63,30
2023-03-30 21:00:00,67,0.6,84,3,51,34
2023-03-30 22:00:00,54,0.6,94,3,35,47
2023-03-30 23:00:00,71,0.6,92,3,29,51
2023-03-31 00:00:00,61,0.5,76,2,37,41
2023-03-31 01:00:00,54,0.5,88,2,33,42
2023-03-31 02:00:00,52,0.6,78,2,29,43
2023-03-31 03:00:00,51,0.6,76,2,16,52
2023-03-31 04:00:00,46,0.6,80,2,17,48
2023-03-31 05:00:00,51,0.7,85,2,9,53
2023-03-31 06:00:00,61,0.8,84,2,4,60
2023-03-31 07:00:00,63,0.9,89,2,5,56
2023-03-31 08:00:00,75,0.8,95,2,6,56
2023-03-31 09:00:00,106,0.9,122,3,12,56
2023-03-31 10:00:00,63,0.8,98,3,40,39
2023-03-31 11:00:00,71,0.6,91,3,67,31
2023-03-31 12:00:00,50,0.6,73,3,93,23
2023-03-31 13:00:00,51,0.6,80,4,104,26
2023-03-31 14:00:00,69,0.6,85,5,114,27
2023-03-31 15:00:00,43,0.5,65,5,132,17
2023-03-31 16:00:00,66,0.5,79,3,131,20
2023-03-31 17:00:00,46,0.4,64,2,139,12
2023-03-31 18:00:00,50,0.4,56,2,133,14
2023-03-31 19:00:00,48,0.5,73,1,117,18
2023-03-31 20:00:00,47,0.5,58,1,104,22
2023-03-31 21:00:00,49,0.5,70,1,94,27
2023-03-31 22:00:00,39,0.5,53,1,98,24
2023-03-31 23:00:00,39,0.5,57,1,80,34